LOCATION,INDICATOR,SUBJECT,MEASURE,FREQUENCY,TIME,Value,Flag Codes
AUS,SUICIDE,TOT,100000PER,A,sixty,13.6,
AUS,SUICIDE,TOT,100000PER,A,sixtyOne,15,
AUS,SUICIDE,TOT,100000PER,A,sixtyTwo,17.4,
AUS,SUICIDE,TOT,100000PER,A,sixtyThree,19.8,
AUS,SUICIDE,TOT,100000PER,A,sixtyFour,18.4,
AUS,SUICIDE,TOT,100000PER,A,sixtyFive,18.5,
AUS,SUICIDE,TOT,100000PER,A,sixtySix,17.9,
AUS,SUICIDE,TOT,100000PER,A,sixtySeven,19,
AUS,SUICIDE,TOT,100000PER,A,sixtyEight,16,B
AUS,SUICIDE,TOT,100000PER,A,sixtyNine,15.3,
AUS,SUICIDE,TOT,100000PER,A,seventy,15.4,
AUS,SUICIDE,TOT,100000PER,A,seventyOne,16.6,
AUS,SUICIDE,TOT,100000PER,A,seventyTwo,15.3,
AUS,SUICIDE,TOT,100000PER,A,seventyThree,14.1,
AUS,SUICIDE,TOT,100000PER,A,seventyFour,14.4,
AUS,SUICIDE,TOT,100000PER,A,seventyFive,13.3,
AUS,SUICIDE,TOT,100000PER,A,seventySix,12.9,
AUS,SUICIDE,TOT,100000PER,A,seventySeven,13.1,
AUS,SUICIDE,TOT,100000PER,A,seventyEight,12.9,
AUS,SUICIDE,TOT,100000PER,A,seventyNine,13.2,B
AUS,SUICIDE,TOT,100000PER,A,eighty,12.5,
AUS,SUICIDE,TOT,100000PER,A,eightyOne,12.8,
AUS,SUICIDE,TOT,100000PER,A,eightyTwo,13.2,
AUS,SUICIDE,TOT,100000PER,A,eightyThree,12.4,
AUS,SUICIDE,TOT,100000PER,A,eightyFour,12.5,
AUS,SUICIDE,TOT,100000PER,A,eightyFive,12.8,
AUS,SUICIDE,TOT,100000PER,A,eightySix,13.8,
AUS,SUICIDE,TOT,100000PER,A,eightySeven,14.5,
AUS,SUICIDE,TOT,100000PER,A,eightyEight,14,
AUS,SUICIDE,TOT,100000PER,A,eightyNine,13.1,
AUS,SUICIDE,TOT,100000PER,A,ninety,13.6,
AUS,SUICIDE,TOT,100000PER,A,ninetyOne,13.9,
AUS,SUICIDE,TOT,100000PER,A,ninetyTwo,13.5,
AUS,SUICIDE,TOT,100000PER,A,ninetyThree,12.1,
AUS,SUICIDE,TOT,100000PER,A,ninetyFour,13.3,
AUS,SUICIDE,TOT,100000PER,A,ninetyFive,12.3,
AUS,SUICIDE,TOT,100000PER,A,ninetySix,13.6,
AUS,SUICIDE,TOT,100000PER,A,ninetySeven,14.6,
AUS,SUICIDE,TOT,100000PER,A,ninetyEight,14.2,B
AUS,SUICIDE,TOT,100000PER,A,ninetyNine,13.4,
AUS,SUICIDE,TOT,100000PER,A,zero,12.7,
AUS,SUICIDE,TOT,100000PER,A,one,12.9,
AUS,SUICIDE,TOT,100000PER,A,two,12,
AUS,SUICIDE,TOT,100000PER,A,three,11,
AUS,SUICIDE,TOT,100000PER,A,four,10.7,
AUS,SUICIDE,TOT,100000PER,A,six,10.6,
AUS,SUICIDE,TOT,100000PER,A,seven,10.7,
AUS,SUICIDE,TOT,100000PER,A,eight,11.1,
AUS,SUICIDE,TOT,100000PER,A,nine,10.8,
AUS,SUICIDE,TOT,100000PER,A,ten,11,
AUS,SUICIDE,TOT,100000PER,A,eleven,10.9,
AUS,SUICIDE,TOT,100000PER,A,twelve,11.5,
AUS,SUICIDE,TOT,100000PER,A,thirteen,11.5,
AUS,SUICIDE,TOT,100000PER,A,fourteen,12.6,
AUS,SUICIDE,TOT,100000PER,A,fifteen,13.2,
AUS,SUICIDE,TOT,100000PER,A,sixteen,12.2,
AUS,SUICIDE,TOT,100000PER,A,seventeen,13.6,
AUS,SUICIDE,TOT,100000PER,A,eighteen,13,
AUS,SUICIDE,TOT,100000PER,A,nineteen,13.3,
AUS,SUICIDE,TOT,100000PER,A,twenty,12.4,
AUT,SUICIDE,TOT,100000PER,A,sixty,25,
AUT,SUICIDE,TOT,100000PER,A,sixtyOne,23.9,
AUT,SUICIDE,TOT,100000PER,A,sixtyTwo,24.6,
AUT,SUICIDE,TOT,100000PER,A,sixtyThree,23.7,
AUT,SUICIDE,TOT,100000PER,A,sixtyFour,24.9,
AUT,SUICIDE,TOT,100000PER,A,sixtyFive,25.2,
AUT,SUICIDE,TOT,100000PER,A,sixtySix,25.4,
AUT,SUICIDE,TOT,100000PER,A,sixtySeven,24.8,
AUT,SUICIDE,TOT,100000PER,A,sixtyEight,24.4,
AUT,SUICIDE,TOT,100000PER,A,sixtyNine,25.1,B
AUT,SUICIDE,TOT,100000PER,A,seventy,27.3,
AUT,SUICIDE,TOT,100000PER,A,seventyOne,25.7,
AUT,SUICIDE,TOT,100000PER,A,seventyTwo,26.4,
AUT,SUICIDE,TOT,100000PER,A,seventyThree,25,
AUT,SUICIDE,TOT,100000PER,A,seventyFour,26.6,
AUT,SUICIDE,TOT,100000PER,A,seventyFive,27,
AUT,SUICIDE,TOT,100000PER,A,seventySix,25.1,
AUT,SUICIDE,TOT,100000PER,A,seventySeven,26.6,
AUT,SUICIDE,TOT,100000PER,A,seventyEight,26.9,
AUT,SUICIDE,TOT,100000PER,A,seventyNine,27.2,
AUT,SUICIDE,TOT,100000PER,A,eighty,27.7,B
AUT,SUICIDE,TOT,100000PER,A,eightyOne,28.7,
AUT,SUICIDE,TOT,100000PER,A,eightyTwo,29.2,
AUT,SUICIDE,TOT,100000PER,A,eightyThree,28.7,
AUT,SUICIDE,TOT,100000PER,A,eightyFour,28.4,
AUT,SUICIDE,TOT,100000PER,A,eightyFive,28.9,
AUT,SUICIDE,TOT,100000PER,A,eightySix,29.4,
AUT,SUICIDE,TOT,100000PER,A,eightySeven,28.5,
AUT,SUICIDE,TOT,100000PER,A,eightyEight,25.3,
AUT,SUICIDE,TOT,100000PER,A,eightyNine,25.9,
AUT,SUICIDE,TOT,100000PER,A,ninety,24.7,
AUT,SUICIDE,TOT,100000PER,A,ninetyOne,23.6,
AUT,SUICIDE,TOT,100000PER,A,ninetyTwo,23.4,
AUT,SUICIDE,TOT,100000PER,A,ninetyThree,22.4,
AUT,SUICIDE,TOT,100000PER,A,ninetyFour,23.2,
AUT,SUICIDE,TOT,100000PER,A,ninetyFive,23.1,
AUT,SUICIDE,TOT,100000PER,A,ninetySix,23.1,
AUT,SUICIDE,TOT,100000PER,A,ninetySeven,20.4,
AUT,SUICIDE,TOT,100000PER,A,ninetyEight,20.1,
AUT,SUICIDE,TOT,100000PER,A,ninetyNine,19.9,
AUT,SUICIDE,TOT,100000PER,A,zero,20.1,
AUT,SUICIDE,TOT,100000PER,A,one,18.6,
AUT,SUICIDE,TOT,100000PER,A,two,19.2,B
AUT,SUICIDE,TOT,100000PER,A,three,18,
AUT,SUICIDE,TOT,100000PER,A,four,17.3,
AUT,SUICIDE,TOT,100000PER,A,five,16.8,
AUT,SUICIDE,TOT,100000PER,A,six,15.2,
AUT,SUICIDE,TOT,100000PER,A,seven,15.1,
AUT,SUICIDE,TOT,100000PER,A,eight,14.6,
AUT,SUICIDE,TOT,100000PER,A,nine,14.6,
AUT,SUICIDE,TOT,100000PER,A,ten,14.4,
AUT,SUICIDE,TOT,100000PER,A,eleven,14.6,
AUT,SUICIDE,TOT,100000PER,A,twelve,14.2,
AUT,SUICIDE,TOT,100000PER,A,thirteen,14.2,
AUT,SUICIDE,TOT,100000PER,A,fourteen,14.3,
AUT,SUICIDE,TOT,100000PER,A,fifteen,13.4,
AUT,SUICIDE,TOT,100000PER,A,sixteen,12.7,
AUT,SUICIDE,TOT,100000PER,A,seventeen,12.8,
AUT,SUICIDE,TOT,100000PER,A,eighteen,12.5,
AUT,SUICIDE,TOT,100000PER,A,nineteen,11.4,
AUT,SUICIDE,TOT,100000PER,A,twenty,10.8,
BEL,SUICIDE,TOT,100000PER,A,sixty,17.1,
BEL,SUICIDE,TOT,100000PER,A,sixtyOne,17,
BEL,SUICIDE,TOT,100000PER,A,sixtyTwo,15.8,
BEL,SUICIDE,TOT,100000PER,A,sixtyThree,16.4,
BEL,SUICIDE,TOT,100000PER,A,sixtyFour,16.2,
BEL,SUICIDE,TOT,100000PER,A,sixtyFive,17.5,
BEL,SUICIDE,TOT,100000PER,A,sixtySix,16.8,
BEL,SUICIDE,TOT,100000PER,A,sixtySeven,17.4,
BEL,SUICIDE,TOT,100000PER,A,sixtyEight,18,B
BEL,SUICIDE,TOT,100000PER,A,sixtyNine,17.6,
BEL,SUICIDE,TOT,100000PER,A,seventy,19.1,
BEL,SUICIDE,TOT,100000PER,A,seventyOne,17.8,
BEL,SUICIDE,TOT,100000PER,A,seventyTwo,17.8,
BEL,SUICIDE,TOT,100000PER,A,seventyThree,17.2,
BEL,SUICIDE,TOT,100000PER,A,seventyFour,17.8,
BEL,SUICIDE,TOT,100000PER,A,seventyFive,18.3,
BEL,SUICIDE,TOT,100000PER,A,seventySix,18.7,
BEL,SUICIDE,TOT,100000PER,A,seventySeven,21.1,
BEL,SUICIDE,TOT,100000PER,A,seventyEight,22.9,
BEL,SUICIDE,TOT,100000PER,A,seventyNine,23.6,B
BEL,SUICIDE,TOT,100000PER,A,eighty,24.3,
BEL,SUICIDE,TOT,100000PER,A,eightyOne,23.8,
BEL,SUICIDE,TOT,100000PER,A,eightyTwo,23.6,
BEL,SUICIDE,TOT,100000PER,A,eightyThree,24.6,
BEL,SUICIDE,TOT,100000PER,A,eightyFour,25.4,
BEL,SUICIDE,TOT,100000PER,A,eightyFive,24.7,
BEL,SUICIDE,TOT,100000PER,A,eightySix,23.5,
BEL,SUICIDE,TOT,100000PER,A,eightySeven,23.8,
BEL,SUICIDE,TOT,100000PER,A,eightyEight,21.2,
BEL,SUICIDE,TOT,100000PER,A,eightyNine,20.1,
BEL,SUICIDE,TOT,100000PER,A,ninety,19.8,
BEL,SUICIDE,TOT,100000PER,A,ninetyOne,18.6,
BEL,SUICIDE,TOT,100000PER,A,ninetyTwo,19.2,
BEL,SUICIDE,TOT,100000PER,A,ninetyThree,21.8,
BEL,SUICIDE,TOT,100000PER,A,ninetyFour,21.5,
BEL,SUICIDE,TOT,100000PER,A,ninetyFive,21.6,
BEL,SUICIDE,TOT,100000PER,A,ninetySix,20,
BEL,SUICIDE,TOT,100000PER,A,ninetySeven,21.4,
BEL,SUICIDE,TOT,100000PER,A,ninetyEight,20,B
BEL,SUICIDE,TOT,100000PER,A,ninetyNine,18.2,
BEL,SUICIDE,TOT,100000PER,A,zero,20.9,
BEL,SUICIDE,TOT,100000PER,A,one,21,
BEL,SUICIDE,TOT,100000PER,A,two,20,
BEL,SUICIDE,TOT,100000PER,A,three,20.1,
BEL,SUICIDE,TOT,100000PER,A,four,18.8,
BEL,SUICIDE,TOT,100000PER,A,five,19.1,
BEL,SUICIDE,TOT,100000PER,A,six,18.1,
BEL,SUICIDE,TOT,100000PER,A,seven,17.1,
BEL,SUICIDE,TOT,100000PER,A,eight,18.3,
BEL,SUICIDE,TOT,100000PER,A,nine,18.3,
BEL,SUICIDE,TOT,100000PER,A,ten,18.2,
BEL,SUICIDE,TOT,100000PER,A,eleven,18.6,
BEL,SUICIDE,TOT,100000PER,A,twelve,17.9,
BEL,SUICIDE,TOT,100000PER,A,thirteen,16.6,
BEL,SUICIDE,TOT,100000PER,A,fourteen,16.5,
BEL,SUICIDE,TOT,100000PER,A,fifteen,16.2,
BEL,SUICIDE,TOT,100000PER,A,sixteen,16.3,
BEL,SUICIDE,TOT,100000PER,A,seventeen,14.8,
BEL,SUICIDE,TOT,100000PER,A,eighteen,15.2,
CAN,SUICIDE,TOT,100000PER,A,sixty,10.3,
CAN,SUICIDE,TOT,100000PER,A,sixtyOne,10.4,
CAN,SUICIDE,TOT,100000PER,A,sixtyTwo,9.7,
CAN,SUICIDE,TOT,100000PER,A,sixtyThree,10.3,
CAN,SUICIDE,TOT,100000PER,A,sixtyFour,11.1,
CAN,SUICIDE,TOT,100000PER,A,sixtyFive,11.9,
CAN,SUICIDE,TOT,100000PER,A,sixtySix,11.4,
CAN,SUICIDE,TOT,100000PER,A,sixtySeven,11.8,
CAN,SUICIDE,TOT,100000PER,A,sixtyEight,12.5,
CAN,SUICIDE,TOT,100000PER,A,sixtyNine,13.8,B
CAN,SUICIDE,TOT,100000PER,A,seventy,14.1,
CAN,SUICIDE,TOT,100000PER,A,seventyOne,14.6,
CAN,SUICIDE,TOT,100000PER,A,seventyTwo,14.5,
CAN,SUICIDE,TOT,100000PER,A,seventyThree,15,
CAN,SUICIDE,TOT,100000PER,A,seventyFour,14.9,
CAN,SUICIDE,TOT,100000PER,A,seventyFive,14.1,
CAN,SUICIDE,TOT,100000PER,A,seventySix,14.4,
CAN,SUICIDE,TOT,100000PER,A,seventySeven,15.7,
CAN,SUICIDE,TOT,100000PER,A,seventyEight,16.3,
CAN,SUICIDE,TOT,100000PER,A,seventyNine,15.2,B
CAN,SUICIDE,TOT,100000PER,A,eighty,15.3,
CAN,SUICIDE,TOT,100000PER,A,eightyOne,15.2,
CAN,SUICIDE,TOT,100000PER,A,eightyTwo,15.5,
CAN,SUICIDE,TOT,100000PER,A,eightyThree,16.1,
CAN,SUICIDE,TOT,100000PER,A,eightyFour,14.6,
CAN,SUICIDE,TOT,100000PER,A,eightyFive,13.5,
CAN,SUICIDE,TOT,100000PER,A,eightySix,15.1,
CAN,SUICIDE,TOT,100000PER,A,eightySeven,14.7,
CAN,SUICIDE,TOT,100000PER,A,eightyEight,14,
CAN,SUICIDE,TOT,100000PER,A,eightyNine,13.8,
CAN,SUICIDE,TOT,100000PER,A,ninety,12.9,
CAN,SUICIDE,TOT,100000PER,A,ninetyOne,13.4,
CAN,SUICIDE,TOT,100000PER,A,ninetyTwo,13.3,
CAN,SUICIDE,TOT,100000PER,A,ninetyThree,13.4,
CAN,SUICIDE,TOT,100000PER,A,ninetyFour,13.1,
CAN,SUICIDE,TOT,100000PER,A,ninetyFive,13.5,
CAN,SUICIDE,TOT,100000PER,A,ninetySix,13.4,
CAN,SUICIDE,TOT,100000PER,A,ninetySeven,12.4,
CAN,SUICIDE,TOT,100000PER,A,ninetyEight,12.3,
CAN,SUICIDE,TOT,100000PER,A,ninetyNine,13.3,
CAN,SUICIDE,TOT,100000PER,A,zero,11.6,B
CAN,SUICIDE,TOT,100000PER,A,one,11.8,
CAN,SUICIDE,TOT,100000PER,A,two,11.6,
CAN,SUICIDE,TOT,100000PER,A,three,11.8,
CAN,SUICIDE,TOT,100000PER,A,four,11.2,
CAN,SUICIDE,TOT,100000PER,A,five,11.3,
CAN,SUICIDE,TOT,100000PER,A,six,11,
CAN,SUICIDE,TOT,100000PER,A,seven,10.7,
CAN,SUICIDE,TOT,100000PER,A,eight,10.9,
CAN,SUICIDE,TOT,100000PER,A,nine,11.2,
CAN,SUICIDE,TOT,100000PER,A,ten,11.3,
CAN,SUICIDE,TOT,100000PER,A,eleven,10.9,
CAN,SUICIDE,TOT,100000PER,A,twelve,11,
CAN,SUICIDE,TOT,100000PER,A,thirteen,11.2,
CAN,SUICIDE,TOT,100000PER,A,fourteen,11.7,
CAN,SUICIDE,TOT,100000PER,A,fifteen,12,
CAN,SUICIDE,TOT,100000PER,A,sixteen,10.7,
CAN,SUICIDE,TOT,100000PER,A,seventeen,11.1,
CAN,SUICIDE,TOT,100000PER,A,eighteen,10.1,
CAN,SUICIDE,TOT,100000PER,A,nineteen,10.5,
CZE,SUICIDE,TOT,100000PER,A,eightySix,24.2,
CZE,SUICIDE,TOT,100000PER,A,eightySeven,21.4,
CZE,SUICIDE,TOT,100000PER,A,eightyEight,21.7,
CZE,SUICIDE,TOT,100000PER,A,eightyNine,21.2,
CZE,SUICIDE,TOT,100000PER,A,ninety,22.3,
CZE,SUICIDE,TOT,100000PER,A,ninetyOne,20.8,
CZE,SUICIDE,TOT,100000PER,A,ninetyTwo,21.4,
CZE,SUICIDE,TOT,100000PER,A,ninetyThree,20.6,
CZE,SUICIDE,TOT,100000PER,A,ninetyFour,19.8,B
CZE,SUICIDE,TOT,100000PER,A,ninetyFive,18.2,
CZE,SUICIDE,TOT,100000PER,A,ninetySix,16.3,
CZE,SUICIDE,TOT,100000PER,A,ninetySeven,17,
CZE,SUICIDE,TOT,100000PER,A,ninetyEight,16.4,
CZE,SUICIDE,TOT,100000PER,A,ninetyNine,16.4,
CZE,SUICIDE,TOT,100000PER,A,zero,16.5,
CZE,SUICIDE,TOT,100000PER,A,one,16.1,
CZE,SUICIDE,TOT,100000PER,A,two,15.3,
CZE,SUICIDE,TOT,100000PER,A,three,17.1,
CZE,SUICIDE,TOT,100000PER,A,four,15.4,
CZE,SUICIDE,TOT,100000PER,A,five,15.2,
CZE,SUICIDE,TOT,100000PER,A,six,13.4,
CZE,SUICIDE,TOT,100000PER,A,seven,13.1,
CZE,SUICIDE,TOT,100000PER,A,eight,13,
CZE,SUICIDE,TOT,100000PER,A,nine,13.6,
CZE,SUICIDE,TOT,100000PER,A,ten,13.9,
CZE,SUICIDE,TOT,100000PER,A,eleven,14.7,
CZE,SUICIDE,TOT,100000PER,A,twelve,15.2,
CZE,SUICIDE,TOT,100000PER,A,thirteen,14.5,
CZE,SUICIDE,TOT,100000PER,A,fourteen,13.7,
CZE,SUICIDE,TOT,100000PER,A,fifteen,12.6,
CZE,SUICIDE,TOT,100000PER,A,sixteen,12,
CZE,SUICIDE,TOT,100000PER,A,seventeen,12.8,
CZE,SUICIDE,TOT,100000PER,A,eighteen,12.3,
CZE,SUICIDE,TOT,100000PER,A,nineteen,10.7,
CZE,SUICIDE,TOT,100000PER,A,twenty,10.9,
DNK,SUICIDE,TOT,100000PER,A,sixty,23.5,
DNK,SUICIDE,TOT,100000PER,A,sixtyOne,19.7,
DNK,SUICIDE,TOT,100000PER,A,sixtyTwo,22.4,
DNK,SUICIDE,TOT,100000PER,A,sixtyThree,22.1,
DNK,SUICIDE,TOT,100000PER,A,sixtyFour,24.4,
DNK,SUICIDE,TOT,100000PER,A,sixtyFive,22.2,
DNK,SUICIDE,TOT,100000PER,A,sixtySix,20.4,
DNK,SUICIDE,TOT,100000PER,A,sixtySeven,20.1,
DNK,SUICIDE,TOT,100000PER,A,sixtyEight,23.5,
DNK,SUICIDE,TOT,100000PER,A,sixtyNine,23.9,B
DNK,SUICIDE,TOT,100000PER,A,seventy,24.4,
DNK,SUICIDE,TOT,100000PER,A,seventyOne,28.2,
DNK,SUICIDE,TOT,100000PER,A,seventyTwo,27.2,
DNK,SUICIDE,TOT,100000PER,A,seventyThree,27.1,
DNK,SUICIDE,TOT,100000PER,A,seventyFour,29.7,
DNK,SUICIDE,TOT,100000PER,A,seventyFive,27.2,
DNK,SUICIDE,TOT,100000PER,A,seventySix,26.7,
DNK,SUICIDE,TOT,100000PER,A,seventySeven,26.9,
DNK,SUICIDE,TOT,100000PER,A,seventyEight,26,
DNK,SUICIDE,TOT,100000PER,A,seventyNine,28.5,
DNK,SUICIDE,TOT,100000PER,A,eighty,34.8,
DNK,SUICIDE,TOT,100000PER,A,eightyOne,32.8,
DNK,SUICIDE,TOT,100000PER,A,eightyTwo,31.4,
DNK,SUICIDE,TOT,100000PER,A,eightyThree,30.7,
DNK,SUICIDE,TOT,100000PER,A,eightyFour,30.7,
DNK,SUICIDE,TOT,100000PER,A,eightyFive,29.5,
DNK,SUICIDE,TOT,100000PER,A,eightySix,29.3,
DNK,SUICIDE,TOT,100000PER,A,eightySeven,29.3,
DNK,SUICIDE,TOT,100000PER,A,eightyEight,27.2,
DNK,SUICIDE,TOT,100000PER,A,eightyNine,28.1,
DNK,SUICIDE,TOT,100000PER,A,ninety,25,
DNK,SUICIDE,TOT,100000PER,A,ninetyOne,23.2,
DNK,SUICIDE,TOT,100000PER,A,ninetyTwo,22.8,
DNK,SUICIDE,TOT,100000PER,A,ninetyThree,23,
DNK,SUICIDE,TOT,100000PER,A,ninetyFour,19.6,B
DNK,SUICIDE,TOT,100000PER,A,ninetyFive,18.1,
DNK,SUICIDE,TOT,100000PER,A,ninetySix,17.4,
DNK,SUICIDE,TOT,100000PER,A,ninetySeven,15.9,
DNK,SUICIDE,TOT,100000PER,A,ninetyEight,14.6,
DNK,SUICIDE,TOT,100000PER,A,ninetyNine,14.6,
DNK,SUICIDE,TOT,100000PER,A,zero,13.9,
DNK,SUICIDE,TOT,100000PER,A,one,13.8,
DNK,SUICIDE,TOT,100000PER,A,two,13,
DNK,SUICIDE,TOT,100000PER,A,three,11.9,
DNK,SUICIDE,TOT,100000PER,A,four,12.3,
DNK,SUICIDE,TOT,100000PER,A,five,11.8,
DNK,SUICIDE,TOT,100000PER,A,six,12,
DNK,SUICIDE,TOT,100000PER,A,seven,10.6,
DNK,SUICIDE,TOT,100000PER,A,eight,11,
DNK,SUICIDE,TOT,100000PER,A,nine,11.2,
DNK,SUICIDE,TOT,100000PER,A,ten,10.1,
DNK,SUICIDE,TOT,100000PER,A,eleven,10.5,
DNK,SUICIDE,TOT,100000PER,A,twelve,11.6,
DNK,SUICIDE,TOT,100000PER,A,thirteen,10.6,
DNK,SUICIDE,TOT,100000PER,A,fourteen,11,
DNK,SUICIDE,TOT,100000PER,A,fifteen,9.7,
DNK,SUICIDE,TOT,100000PER,A,sixteen,9.9,
DNK,SUICIDE,TOT,100000PER,A,seventeen,9.8,
DNK,SUICIDE,TOT,100000PER,A,eighteen,9.7,
FIN,SUICIDE,TOT,100000PER,A,sixty,25,
FIN,SUICIDE,TOT,100000PER,A,sixtyOne,25.5,
FIN,SUICIDE,TOT,100000PER,A,sixtyTwo,26.1,
FIN,SUICIDE,TOT,100000PER,A,sixtyThree,23.2,
FIN,SUICIDE,TOT,100000PER,A,sixtyFour,24.6,
FIN,SUICIDE,TOT,100000PER,A,sixtyFive,23.8,
FIN,SUICIDE,TOT,100000PER,A,sixtySix,23.2,
FIN,SUICIDE,TOT,100000PER,A,sixtySeven,24,
FIN,SUICIDE,TOT,100000PER,A,sixtyEight,25.9,
FIN,SUICIDE,TOT,100000PER,A,sixtyNine,27.4,B
FIN,SUICIDE,TOT,100000PER,A,seventy,24.3,
FIN,SUICIDE,TOT,100000PER,A,seventyOne,24.2,
FIN,SUICIDE,TOT,100000PER,A,seventyTwo,26.5,
FIN,SUICIDE,TOT,100000PER,A,seventyThree,25.7,
FIN,SUICIDE,TOT,100000PER,A,seventyFour,26.8,
FIN,SUICIDE,TOT,100000PER,A,seventyFive,26.9,
FIN,SUICIDE,TOT,100000PER,A,seventySix,27.1,
FIN,SUICIDE,TOT,100000PER,A,seventySeven,27.3,
FIN,SUICIDE,TOT,100000PER,A,seventyEight,27.4,
FIN,SUICIDE,TOT,100000PER,A,seventyNine,26.1,
FIN,SUICIDE,TOT,100000PER,A,eighty,26.5,
FIN,SUICIDE,TOT,100000PER,A,eightyOne,24.7,
FIN,SUICIDE,TOT,100000PER,A,eightyTwo,25,
FIN,SUICIDE,TOT,100000PER,A,eightyThree,25,
FIN,SUICIDE,TOT,100000PER,A,eightyFour,26.2,
FIN,SUICIDE,TOT,100000PER,A,eightyFive,25.4,
FIN,SUICIDE,TOT,100000PER,A,eightySix,27.6,
FIN,SUICIDE,TOT,100000PER,A,eightySeven,28,B
FIN,SUICIDE,TOT,100000PER,A,eightyEight,28.9,
FIN,SUICIDE,TOT,100000PER,A,eightyNine,29.1,
FIN,SUICIDE,TOT,100000PER,A,ninety,30.6,
FIN,SUICIDE,TOT,100000PER,A,ninetyOne,30.2,
FIN,SUICIDE,TOT,100000PER,A,ninetyTwo,28.9,
FIN,SUICIDE,TOT,100000PER,A,ninetyThree,27.8,
FIN,SUICIDE,TOT,100000PER,A,ninetyFour,27.4,
FIN,SUICIDE,TOT,100000PER,A,ninetyFive,27.3,
FIN,SUICIDE,TOT,100000PER,A,ninetySix,24.3,B
FIN,SUICIDE,TOT,100000PER,A,ninetySeven,25.8,
FIN,SUICIDE,TOT,100000PER,A,ninetyEight,23.9,
FIN,SUICIDE,TOT,100000PER,A,ninetyNine,23.4,
FIN,SUICIDE,TOT,100000PER,A,zero,22.4,
FIN,SUICIDE,TOT,100000PER,A,one,23.1,
FIN,SUICIDE,TOT,100000PER,A,two,21,
FIN,SUICIDE,TOT,100000PER,A,three,20.4,
FIN,SUICIDE,TOT,100000PER,A,four,20.3,
FIN,SUICIDE,TOT,100000PER,A,five,18.6,
FIN,SUICIDE,TOT,100000PER,A,six,19.9,
FIN,SUICIDE,TOT,100000PER,A,seven,18.5,
FIN,SUICIDE,TOT,100000PER,A,eight,19.3,
FIN,SUICIDE,TOT,100000PER,A,nine,19.1,
FIN,SUICIDE,TOT,100000PER,A,ten,17.6,
FIN,SUICIDE,TOT,100000PER,A,eleven,16.6,
FIN,SUICIDE,TOT,100000PER,A,twelve,15.9,
FIN,SUICIDE,TOT,100000PER,A,thirteen,16.1,
FIN,SUICIDE,TOT,100000PER,A,fourteen,14.3,
FIN,SUICIDE,TOT,100000PER,A,sixteen,14.1,
FIN,SUICIDE,TOT,100000PER,A,seventeen,14.8,
FIN,SUICIDE,TOT,100000PER,A,eighteen,14.4,
FIN,SUICIDE,TOT,100000PER,A,nineteen,13.4,
FRA,SUICIDE,TOT,100000PER,A,sixty,19,
FRA,SUICIDE,TOT,100000PER,A,sixtyOne,19,
FRA,SUICIDE,TOT,100000PER,A,sixtyTwo,18.1,
FRA,SUICIDE,TOT,100000PER,A,sixtyThree,18.7,
FRA,SUICIDE,TOT,100000PER,A,sixtyFour,17.9,
FRA,SUICIDE,TOT,100000PER,A,sixtyFive,18,
FRA,SUICIDE,TOT,100000PER,A,sixtySix,18.7,
FRA,SUICIDE,TOT,100000PER,A,sixtySeven,18.6,
FRA,SUICIDE,TOT,100000PER,A,sixtyEight,18.2,B
FRA,SUICIDE,TOT,100000PER,A,sixtyNine,18.4,
FRA,SUICIDE,TOT,100000PER,A,seventy,18,
FRA,SUICIDE,TOT,100000PER,A,seventyOne,17.9,
FRA,SUICIDE,TOT,100000PER,A,seventyTwo,18.8,
FRA,SUICIDE,TOT,100000PER,A,seventyThree,18,
FRA,SUICIDE,TOT,100000PER,A,seventyFour,18,
FRA,SUICIDE,TOT,100000PER,A,seventyFive,18,
FRA,SUICIDE,TOT,100000PER,A,seventySix,17.9,
FRA,SUICIDE,TOT,100000PER,A,seventySeven,18.5,
FRA,SUICIDE,TOT,100000PER,A,seventyEight,19.4,
FRA,SUICIDE,TOT,100000PER,A,seventyNine,20.8,B
FRA,SUICIDE,TOT,100000PER,A,eighty,21.5,
FRA,SUICIDE,TOT,100000PER,A,eightyOne,21.6,
FRA,SUICIDE,TOT,100000PER,A,eightyTwo,23.1,
FRA,SUICIDE,TOT,100000PER,A,eightyThree,23.9,
FRA,SUICIDE,TOT,100000PER,A,eightyFour,24.2,
FRA,SUICIDE,TOT,100000PER,A,eightyFive,24.7,
FRA,SUICIDE,TOT,100000PER,A,eightySix,25.1,
FRA,SUICIDE,TOT,100000PER,A,eightySeven,23.7,
FRA,SUICIDE,TOT,100000PER,A,eightyEight,22.3,
FRA,SUICIDE,TOT,100000PER,A,eightyNine,22.3,
FRA,SUICIDE,TOT,100000PER,A,ninety,21.5,
FRA,SUICIDE,TOT,100000PER,A,ninetyOne,21.4,
FRA,SUICIDE,TOT,100000PER,A,ninetyTwo,21.4,
FRA,SUICIDE,TOT,100000PER,A,ninetyThree,22.2,
FRA,SUICIDE,TOT,100000PER,A,ninetyFour,21.6,
FRA,SUICIDE,TOT,100000PER,A,ninetyFive,21,
FRA,SUICIDE,TOT,100000PER,A,ninetySix,19.9,
FRA,SUICIDE,TOT,100000PER,A,ninetySeven,19.5,
FRA,SUICIDE,TOT,100000PER,A,ninetyEight,18.6,
FRA,SUICIDE,TOT,100000PER,A,ninetyNine,18,
FRA,SUICIDE,TOT,100000PER,A,zero,18.8,B
FRA,SUICIDE,TOT,100000PER,A,one,18,
FRA,SUICIDE,TOT,100000PER,A,two,18.1,
FRA,SUICIDE,TOT,100000PER,A,three,18.3,
FRA,SUICIDE,TOT,100000PER,A,four,18,
FRA,SUICIDE,TOT,100000PER,A,five,17.7,
FRA,SUICIDE,TOT,100000PER,A,six,17,
FRA,SUICIDE,TOT,100000PER,A,seven,16.3,
FRA,SUICIDE,TOT,100000PER,A,eight,16.5,
FRA,SUICIDE,TOT,100000PER,A,nine,16.7,
FRA,SUICIDE,TOT,100000PER,A,ten,16.3,
FRA,SUICIDE,TOT,100000PER,A,eleven,16.2,
FRA,SUICIDE,TOT,100000PER,A,twelve,15.1,
FRA,SUICIDE,TOT,100000PER,A,thirteen,14.8,
FRA,SUICIDE,TOT,100000PER,A,fourteen,13.5,
FRA,SUICIDE,TOT,100000PER,A,fifteen,13.6,
FRA,SUICIDE,TOT,100000PER,A,sixteen,12.7,
FRA,SUICIDE,TOT,100000PER,A,seventeen,12.3,
DEU,SUICIDE,TOT,100000PER,A,ninety,17.7,
DEU,SUICIDE,TOT,100000PER,A,ninetyOne,17.7,
DEU,SUICIDE,TOT,100000PER,A,ninetyTwo,16.8,
DEU,SUICIDE,TOT,100000PER,A,ninetyThree,15.8,
DEU,SUICIDE,TOT,100000PER,A,ninetyFour,15.7,
DEU,SUICIDE,TOT,100000PER,A,ninetyFive,15.8,
DEU,SUICIDE,TOT,100000PER,A,ninetySix,14.9,
DEU,SUICIDE,TOT,100000PER,A,ninetySeven,14.8,
DEU,SUICIDE,TOT,100000PER,A,ninetyEight,14.1,B
DEU,SUICIDE,TOT,100000PER,A,ninetyNine,13.4,
DEU,SUICIDE,TOT,100000PER,A,zero,13.2,
DEU,SUICIDE,TOT,100000PER,A,one,13.2,
DEU,SUICIDE,TOT,100000PER,A,two,13.1,
DEU,SUICIDE,TOT,100000PER,A,three,13,
DEU,SUICIDE,TOT,100000PER,A,four,12.4,
DEU,SUICIDE,TOT,100000PER,A,five,11.8,
DEU,SUICIDE,TOT,100000PER,A,six,11.1,
DEU,SUICIDE,TOT,100000PER,A,seven,10.6,
DEU,SUICIDE,TOT,100000PER,A,eight,10.6,
DEU,SUICIDE,TOT,100000PER,A,nine,10.7,
DEU,SUICIDE,TOT,100000PER,A,ten,11.2,
DEU,SUICIDE,TOT,100000PER,A,eleven,11.2,
DEU,SUICIDE,TOT,100000PER,A,twelve,10.8,
DEU,SUICIDE,TOT,100000PER,A,thirteen,11.2,
DEU,SUICIDE,TOT,100000PER,A,fourteen,11.2,
DEU,SUICIDE,TOT,100000PER,A,fifteen,10.9,
DEU,SUICIDE,TOT,100000PER,A,sixteen,10.6,
DEU,SUICIDE,TOT,100000PER,A,seventeen,9.9,
DEU,SUICIDE,TOT,100000PER,A,eighteen,10,
DEU,SUICIDE,TOT,100000PER,A,nineteen,9.6,
DEU,SUICIDE,TOT,100000PER,A,twenty,9.7,
GRC,SUICIDE,TOT,100000PER,A,sixtyOne,5.4,
GRC,SUICIDE,TOT,100000PER,A,sixtyTwo,4.1,
GRC,SUICIDE,TOT,100000PER,A,sixtyThree,4.7,
GRC,SUICIDE,TOT,100000PER,A,sixtyFour,3.9,
GRC,SUICIDE,TOT,100000PER,A,sixtyFive,3.9,
GRC,SUICIDE,TOT,100000PER,A,sixtySix,3.8,
GRC,SUICIDE,TOT,100000PER,A,sixtySeven,4.3,
GRC,SUICIDE,TOT,100000PER,A,sixtyEight,4.5,B
GRC,SUICIDE,TOT,100000PER,A,sixtyNine,4.4,
GRC,SUICIDE,TOT,100000PER,A,seventy,3.8,
GRC,SUICIDE,TOT,100000PER,A,seventyOne,4,
GRC,SUICIDE,TOT,100000PER,A,seventyTwo,3.3,
GRC,SUICIDE,TOT,100000PER,A,seventyThree,3.5,
GRC,SUICIDE,TOT,100000PER,A,seventyFour,4,
GRC,SUICIDE,TOT,100000PER,A,seventyFive,3.1,
GRC,SUICIDE,TOT,100000PER,A,seventySix,3.2,
GRC,SUICIDE,TOT,100000PER,A,seventySeven,3.8,
GRC,SUICIDE,TOT,100000PER,A,seventyEight,3.3,
GRC,SUICIDE,TOT,100000PER,A,seventyNine,3.3,B
GRC,SUICIDE,TOT,100000PER,A,eighty,3.8,
GRC,SUICIDE,TOT,100000PER,A,eightyOne,3.7,
GRC,SUICIDE,TOT,100000PER,A,eightyTwo,3.9,
GRC,SUICIDE,TOT,100000PER,A,eightyThree,4,
GRC,SUICIDE,TOT,100000PER,A,eightyFour,4.2,
GRC,SUICIDE,TOT,100000PER,A,eightyFive,4.4,
GRC,SUICIDE,TOT,100000PER,A,eightySix,4.2,
GRC,SUICIDE,TOT,100000PER,A,eightySeven,4.4,
GRC,SUICIDE,TOT,100000PER,A,eightyEight,4.3,
GRC,SUICIDE,TOT,100000PER,A,eightyNine,4,
GRC,SUICIDE,TOT,100000PER,A,ninety,3.6,
GRC,SUICIDE,TOT,100000PER,A,ninetyOne,3.9,
GRC,SUICIDE,TOT,100000PER,A,ninetyTwo,3.6,
GRC,SUICIDE,TOT,100000PER,A,ninetyThree,4.1,
GRC,SUICIDE,TOT,100000PER,A,ninetyFour,3.5,
GRC,SUICIDE,TOT,100000PER,A,ninetyFive,3.6,
GRC,SUICIDE,TOT,100000PER,A,ninetySix,3.4,
GRC,SUICIDE,TOT,100000PER,A,ninetySeven,3.5,
GRC,SUICIDE,TOT,100000PER,A,ninetyEight,3.8,
GRC,SUICIDE,TOT,100000PER,A,ninetyNine,3.5,
GRC,SUICIDE,TOT,100000PER,A,zero,3.5,
GRC,SUICIDE,TOT,100000PER,A,one,3,
GRC,SUICIDE,TOT,100000PER,A,two,2.9,
GRC,SUICIDE,TOT,100000PER,A,three,3.3,
GRC,SUICIDE,TOT,100000PER,A,four,3.1,
GRC,SUICIDE,TOT,100000PER,A,five,3.5,
GRC,SUICIDE,TOT,100000PER,A,six,3.4,
GRC,SUICIDE,TOT,100000PER,A,seven,2.8,
GRC,SUICIDE,TOT,100000PER,A,eight,3.1,
GRC,SUICIDE,TOT,100000PER,A,nine,3.3,
GRC,SUICIDE,TOT,100000PER,A,ten,3.2,
GRC,SUICIDE,TOT,100000PER,A,eleven,4,
GRC,SUICIDE,TOT,100000PER,A,twelve,4.3,
GRC,SUICIDE,TOT,100000PER,A,thirteen,4.6,
GRC,SUICIDE,TOT,100000PER,A,fourteen,4.9,
GRC,SUICIDE,TOT,100000PER,A,fifteen,4.6,
GRC,SUICIDE,TOT,100000PER,A,sixteen,4.1,
GRC,SUICIDE,TOT,100000PER,A,seventeen,4.5,
GRC,SUICIDE,TOT,100000PER,A,eighteen,4.9,
GRC,SUICIDE,TOT,100000PER,A,nineteen,4.6,
HUN,SUICIDE,TOT,100000PER,A,sixty,30.6,
HUN,SUICIDE,TOT,100000PER,A,sixtyOne,31.3,
HUN,SUICIDE,TOT,100000PER,A,sixtyTwo,30.7,
HUN,SUICIDE,TOT,100000PER,A,sixtyThree,32.9,
HUN,SUICIDE,TOT,100000PER,A,sixtyFour,34.8,
HUN,SUICIDE,TOT,100000PER,A,sixtyFive,36,
HUN,SUICIDE,TOT,100000PER,A,sixtySix,35.2,
HUN,SUICIDE,TOT,100000PER,A,sixtySeven,36.8,
HUN,SUICIDE,TOT,100000PER,A,sixtyEight,39.5,
HUN,SUICIDE,TOT,100000PER,A,sixtyNine,38.6,B
HUN,SUICIDE,TOT,100000PER,A,seventy,40.3,
HUN,SUICIDE,TOT,100000PER,A,seventyOne,42,
HUN,SUICIDE,TOT,100000PER,A,seventyTwo,41.9,
HUN,SUICIDE,TOT,100000PER,A,seventyThree,42.6,
HUN,SUICIDE,TOT,100000PER,A,seventyFour,46.4,
HUN,SUICIDE,TOT,100000PER,A,seventyFive,43.7,
HUN,SUICIDE,TOT,100000PER,A,seventySix,46.5,
HUN,SUICIDE,TOT,100000PER,A,seventySeven,45.8,
HUN,SUICIDE,TOT,100000PER,A,seventyEight,49.2,
HUN,SUICIDE,TOT,100000PER,A,seventyNine,50.7,B
HUN,SUICIDE,TOT,100000PER,A,eighty,51.1,
HUN,SUICIDE,TOT,100000PER,A,eightyOne,51.6,
HUN,SUICIDE,TOT,100000PER,A,eightyTwo,49,
HUN,SUICIDE,TOT,100000PER,A,eightyThree,51.4,
HUN,SUICIDE,TOT,100000PER,A,eightyFour,51.2,
HUN,SUICIDE,TOT,100000PER,A,eightyFive,49.2,
HUN,SUICIDE,TOT,100000PER,A,eightySix,50,
HUN,SUICIDE,TOT,100000PER,A,eightySeven,49.6,
HUN,SUICIDE,TOT,100000PER,A,eightyEight,45.2,
HUN,SUICIDE,TOT,100000PER,A,eightyNine,45.3,
HUN,SUICIDE,TOT,100000PER,A,ninety,43.9,
HUN,SUICIDE,TOT,100000PER,A,ninetyOne,42.1,
HUN,SUICIDE,TOT,100000PER,A,ninetyTwo,41.8,
HUN,SUICIDE,TOT,100000PER,A,ninetyThree,38.6,
HUN,SUICIDE,TOT,100000PER,A,ninetyFour,37.9,
HUN,SUICIDE,TOT,100000PER,A,ninetyFive,35,
HUN,SUICIDE,TOT,100000PER,A,ninetySix,35.5,B
HUN,SUICIDE,TOT,100000PER,A,ninetySeven,33.4,
HUN,SUICIDE,TOT,100000PER,A,ninetyEight,33.1,
HUN,SUICIDE,TOT,100000PER,A,ninetyNine,35,
HUN,SUICIDE,TOT,100000PER,A,zero,34.1,
HUN,SUICIDE,TOT,100000PER,A,one,30.1,
HUN,SUICIDE,TOT,100000PER,A,two,28.6,
HUN,SUICIDE,TOT,100000PER,A,three,28.1,
HUN,SUICIDE,TOT,100000PER,A,four,27.3,
HUN,SUICIDE,TOT,100000PER,A,five,26.1,
HUN,SUICIDE,TOT,100000PER,A,six,24.3,
HUN,SUICIDE,TOT,100000PER,A,seven,24.2,
HUN,SUICIDE,TOT,100000PER,A,eight,24.3,
HUN,SUICIDE,TOT,100000PER,A,nine,24.1,
HUN,SUICIDE,TOT,100000PER,A,ten,24.3,
HUN,SUICIDE,TOT,100000PER,A,eleven,23.6,
HUN,SUICIDE,TOT,100000PER,A,twelve,22.8,
HUN,SUICIDE,TOT,100000PER,A,thirteen,20.2,
HUN,SUICIDE,TOT,100000PER,A,fourteen,18.5,
HUN,SUICIDE,TOT,100000PER,A,fifteen,18,
HUN,SUICIDE,TOT,100000PER,A,sixteen,16.9,
HUN,SUICIDE,TOT,100000PER,A,seventeen,15.7,
HUN,SUICIDE,TOT,100000PER,A,eighteen,15.9,
HUN,SUICIDE,TOT,100000PER,A,nineteen,14.8,
ISL,SUICIDE,TOT,100000PER,A,sixty,10.8,
ISL,SUICIDE,TOT,100000PER,A,sixtyOne,13.6,
ISL,SUICIDE,TOT,100000PER,A,sixtyTwo,11.9,
ISL,SUICIDE,TOT,100000PER,A,sixtyThree,10.8,
ISL,SUICIDE,TOT,100000PER,A,sixtyFour,12.4,
ISL,SUICIDE,TOT,100000PER,A,sixtyFive,16.8,
ISL,SUICIDE,TOT,100000PER,A,sixtySix,24.7,
ISL,SUICIDE,TOT,100000PER,A,sixtySeven,23.3,
ISL,SUICIDE,TOT,100000PER,A,sixtyEight,10,
ISL,SUICIDE,TOT,100000PER,A,sixtyNine,12.7,
ISL,SUICIDE,TOT,100000PER,A,seventy,17.7,
ISL,SUICIDE,TOT,100000PER,A,seventyOne,6.6,B
ISL,SUICIDE,TOT,100000PER,A,seventyTwo,10.7,
ISL,SUICIDE,TOT,100000PER,A,seventyThree,16.6,
ISL,SUICIDE,TOT,100000PER,A,seventyFour,12.9,
ISL,SUICIDE,TOT,100000PER,A,seventyFive,13.1,
ISL,SUICIDE,TOT,100000PER,A,seventySix,10.9,
ISL,SUICIDE,TOT,100000PER,A,seventySeven,11.3,
ISL,SUICIDE,TOT,100000PER,A,seventyEight,12.4,
ISL,SUICIDE,TOT,100000PER,A,seventyNine,16.4,
ISL,SUICIDE,TOT,100000PER,A,eighty,13,
ISL,SUICIDE,TOT,100000PER,A,eightyOne,7.8,B
ISL,SUICIDE,TOT,100000PER,A,eightyTwo,10.2,
ISL,SUICIDE,TOT,100000PER,A,eightyThree,20.6,
ISL,SUICIDE,TOT,100000PER,A,eightyFour,21.5,
ISL,SUICIDE,TOT,100000PER,A,eightyFive,15.7,
ISL,SUICIDE,TOT,100000PER,A,eightySix,18.1,
ISL,SUICIDE,TOT,100000PER,A,eightySeven,18.4,
ISL,SUICIDE,TOT,100000PER,A,eightyEight,16.7,
ISL,SUICIDE,TOT,100000PER,A,eightyNine,9.8,
ISL,SUICIDE,TOT,100000PER,A,ninety,16.3,
ISL,SUICIDE,TOT,100000PER,A,ninetyOne,15.4,
ISL,SUICIDE,TOT,100000PER,A,ninetyTwo,11.6,
ISL,SUICIDE,TOT,100000PER,A,ninetyThree,11,
ISL,SUICIDE,TOT,100000PER,A,ninetyFour,10.4,
ISL,SUICIDE,TOT,100000PER,A,ninetyFive,11,
ISL,SUICIDE,TOT,100000PER,A,ninetySix,13.5,B
ISL,SUICIDE,TOT,100000PER,A,ninetySeven,14,
ISL,SUICIDE,TOT,100000PER,A,ninetyEight,11.5,
ISL,SUICIDE,TOT,100000PER,A,ninetyNine,11.3,
ISL,SUICIDE,TOT,100000PER,A,zero,18.1,
ISL,SUICIDE,TOT,100000PER,A,one,12.8,
ISL,SUICIDE,TOT,100000PER,A,two,10.4,
ISL,SUICIDE,TOT,100000PER,A,three,9.9,
ISL,SUICIDE,TOT,100000PER,A,four,12.6,
ISL,SUICIDE,TOT,100000PER,A,five,11.6,
ISL,SUICIDE,TOT,100000PER,A,six,10.9,
ISL,SUICIDE,TOT,100000PER,A,seven,12,
ISL,SUICIDE,TOT,100000PER,A,eight,12.8,
ISL,SUICIDE,TOT,100000PER,A,nine,12,
ISL,SUICIDE,TOT,100000PER,A,ten,15,
ISL,SUICIDE,TOT,100000PER,A,eleven,8.9,
ISL,SUICIDE,TOT,100000PER,A,twelve,11.9,
ISL,SUICIDE,TOT,100000PER,A,thirteen,16.3,
ISL,SUICIDE,TOT,100000PER,A,fourteen,14.1,
ISL,SUICIDE,TOT,100000PER,A,fifteen,12.4,
ISL,SUICIDE,TOT,100000PER,A,sixteen,12.2,
ISL,SUICIDE,TOT,100000PER,A,seventeen,9.8,
ISL,SUICIDE,TOT,100000PER,A,eighteen,9.8,
ISL,SUICIDE,TOT,100000PER,A,nineteen,11.2,
ISL,SUICIDE,TOT,100000PER,A,twenty,12.7,
IRL,SUICIDE,TOT,100000PER,A,sixty,3.7,
IRL,SUICIDE,TOT,100000PER,A,sixtyOne,3.9,
IRL,SUICIDE,TOT,100000PER,A,sixtyTwo,2.3,
IRL,SUICIDE,TOT,100000PER,A,sixtyThree,3.1,
IRL,SUICIDE,TOT,100000PER,A,sixtyFour,2.6,
IRL,SUICIDE,TOT,100000PER,A,sixtyFive,2.2,
IRL,SUICIDE,TOT,100000PER,A,sixtySix,3.1,
IRL,SUICIDE,TOT,100000PER,A,sixtySeven,3.1,
IRL,SUICIDE,TOT,100000PER,A,sixtyEight,3,B
IRL,SUICIDE,TOT,100000PER,A,sixtyNine,2.3,
IRL,SUICIDE,TOT,100000PER,A,seventy,2.2,
IRL,SUICIDE,TOT,100000PER,A,seventyOne,3.5,
IRL,SUICIDE,TOT,100000PER,A,seventyTwo,3.8,
IRL,SUICIDE,TOT,100000PER,A,seventyThree,4.3,
IRL,SUICIDE,TOT,100000PER,A,seventyFour,4.8,
IRL,SUICIDE,TOT,100000PER,A,seventyFive,5.8,
IRL,SUICIDE,TOT,100000PER,A,seventySix,7,
IRL,SUICIDE,TOT,100000PER,A,seventySeven,5.6,
IRL,SUICIDE,TOT,100000PER,A,seventyEight,6,
IRL,SUICIDE,TOT,100000PER,A,seventyNine,6.9,B
IRL,SUICIDE,TOT,100000PER,A,eighty,8,
IRL,SUICIDE,TOT,100000PER,A,eightyOne,8,
IRL,SUICIDE,TOT,100000PER,A,eightyTwo,8.6,
IRL,SUICIDE,TOT,100000PER,A,eightyThree,9.7,
IRL,SUICIDE,TOT,100000PER,A,eightyFour,8,
IRL,SUICIDE,TOT,100000PER,A,eightyFive,9.3,
IRL,SUICIDE,TOT,100000PER,A,eightySix,9.5,
IRL,SUICIDE,TOT,100000PER,A,eightySeven,8.4,
IRL,SUICIDE,TOT,100000PER,A,eightyEight,8.9,
IRL,SUICIDE,TOT,100000PER,A,eightyNine,9.4,
IRL,SUICIDE,TOT,100000PER,A,ninety,11.1,
IRL,SUICIDE,TOT,100000PER,A,ninetyOne,11,
IRL,SUICIDE,TOT,100000PER,A,ninetyTwo,11.4,
IRL,SUICIDE,TOT,100000PER,A,ninetyThree,10.1,
IRL,SUICIDE,TOT,100000PER,A,ninetyFour,12.1,
IRL,SUICIDE,TOT,100000PER,A,ninetyFive,11.9,
IRL,SUICIDE,TOT,100000PER,A,ninetySix,11.6,
IRL,SUICIDE,TOT,100000PER,A,ninetySeven,13.1,
IRL,SUICIDE,TOT,100000PER,A,ninetyEight,13.7,
IRL,SUICIDE,TOT,100000PER,A,ninetyNine,11.7,
IRL,SUICIDE,TOT,100000PER,A,zero,12.3,
IRL,SUICIDE,TOT,100000PER,A,one,12.9,
IRL,SUICIDE,TOT,100000PER,A,two,11.4,
IRL,SUICIDE,TOT,100000PER,A,three,11.5,
IRL,SUICIDE,TOT,100000PER,A,four,11.6,
IRL,SUICIDE,TOT,100000PER,A,five,10.9,
IRL,SUICIDE,TOT,100000PER,A,six,10.7,
IRL,SUICIDE,TOT,100000PER,A,seven,10.5,B
IRL,SUICIDE,TOT,100000PER,A,eight,11.5,
IRL,SUICIDE,TOT,100000PER,A,nine,11.8,
IRL,SUICIDE,TOT,100000PER,A,ten,10.8,
IRL,SUICIDE,TOT,100000PER,A,eleven,12.2,
IRL,SUICIDE,TOT,100000PER,A,twelve,12.2,
IRL,SUICIDE,TOT,100000PER,A,thirteen,11.1,
IRL,SUICIDE,TOT,100000PER,A,fourteen,10.8,
IRL,SUICIDE,TOT,100000PER,A,fifteen,9.5,
IRL,SUICIDE,TOT,100000PER,A,eighteen,9.4,
ITA,SUICIDE,TOT,100000PER,A,sixty,7.6,
ITA,SUICIDE,TOT,100000PER,A,sixtyOne,6.8,
ITA,SUICIDE,TOT,100000PER,A,sixtyTwo,6.7,
ITA,SUICIDE,TOT,100000PER,A,sixtyThree,6.5,
ITA,SUICIDE,TOT,100000PER,A,sixtyFour,6.8,
ITA,SUICIDE,TOT,100000PER,A,sixtyFive,6.8,
ITA,SUICIDE,TOT,100000PER,A,sixtySix,6.4,
ITA,SUICIDE,TOT,100000PER,A,sixtySeven,6.8,
ITA,SUICIDE,TOT,100000PER,A,sixtyEight,6.6,B
ITA,SUICIDE,TOT,100000PER,A,sixtyNine,6.6,
ITA,SUICIDE,TOT,100000PER,A,seventy,7,
ITA,SUICIDE,TOT,100000PER,A,seventyOne,7,
ITA,SUICIDE,TOT,100000PER,A,seventyTwo,7,
ITA,SUICIDE,TOT,100000PER,A,seventyThree,7,
ITA,SUICIDE,TOT,100000PER,A,seventyFour,6.4,
ITA,SUICIDE,TOT,100000PER,A,seventyFive,6.6,
ITA,SUICIDE,TOT,100000PER,A,seventySix,6.6,
ITA,SUICIDE,TOT,100000PER,A,seventySeven,7.3,
ITA,SUICIDE,TOT,100000PER,A,seventyEight,7.4,
ITA,SUICIDE,TOT,100000PER,A,seventyNine,7.9,B
ITA,SUICIDE,TOT,100000PER,A,eighty,8.2,
ITA,SUICIDE,TOT,100000PER,A,eightyOne,7.7,
ITA,SUICIDE,TOT,100000PER,A,eightyTwo,8.4,
ITA,SUICIDE,TOT,100000PER,A,eightyThree,8.5,
ITA,SUICIDE,TOT,100000PER,A,eightyFour,8.7,
ITA,SUICIDE,TOT,100000PER,A,eightyFive,9.2,
ITA,SUICIDE,TOT,100000PER,A,eightySix,8.9,
ITA,SUICIDE,TOT,100000PER,A,eightySeven,8.5,
ITA,SUICIDE,TOT,100000PER,A,eightyEight,8.2,
ITA,SUICIDE,TOT,100000PER,A,eightyNine,7.9,
ITA,SUICIDE,TOT,100000PER,A,ninety,7.9,
ITA,SUICIDE,TOT,100000PER,A,ninetyOne,8,
ITA,SUICIDE,TOT,100000PER,A,ninetyTwo,8.1,
ITA,SUICIDE,TOT,100000PER,A,ninetyThree,8.3,
ITA,SUICIDE,TOT,100000PER,A,ninetyFour,7.9,
ITA,SUICIDE,TOT,100000PER,A,ninetyFive,8,
ITA,SUICIDE,TOT,100000PER,A,ninetySix,8.1,
ITA,SUICIDE,TOT,100000PER,A,ninetySeven,8,
ITA,SUICIDE,TOT,100000PER,A,ninetyEight,7.6,
ITA,SUICIDE,TOT,100000PER,A,ninetyNine,6.9,
ITA,SUICIDE,TOT,100000PER,A,zero,6.9,
ITA,SUICIDE,TOT,100000PER,A,one,6.7,
ITA,SUICIDE,TOT,100000PER,A,two,6.7,
ITA,SUICIDE,TOT,100000PER,A,three,6.6,B
ITA,SUICIDE,TOT,100000PER,A,four,6.4,
ITA,SUICIDE,TOT,100000PER,A,five,6,
ITA,SUICIDE,TOT,100000PER,A,six,5.8,
ITA,SUICIDE,TOT,100000PER,A,seven,5.8,
ITA,SUICIDE,TOT,100000PER,A,eight,6,
ITA,SUICIDE,TOT,100000PER,A,nine,6.1,
ITA,SUICIDE,TOT,100000PER,A,ten,6,
ITA,SUICIDE,TOT,100000PER,A,eleven,6.4,
ITA,SUICIDE,TOT,100000PER,A,twelve,6.5,
ITA,SUICIDE,TOT,100000PER,A,thirteen,6.5,
ITA,SUICIDE,TOT,100000PER,A,fourteen,6.2,
ITA,SUICIDE,TOT,100000PER,A,fifteen,5.9,
ITA,SUICIDE,TOT,100000PER,A,sixteen,5.7,
ITA,SUICIDE,TOT,100000PER,A,seventeen,5.8,
JPN,SUICIDE,TOT,100000PER,A,sixty,28.6,
JPN,SUICIDE,TOT,100000PER,A,sixtyOne,26.7,
JPN,SUICIDE,TOT,100000PER,A,sixtyTwo,24.4,
JPN,SUICIDE,TOT,100000PER,A,sixtyThree,22.8,
JPN,SUICIDE,TOT,100000PER,A,sixtyFour,22.1,
JPN,SUICIDE,TOT,100000PER,A,sixtyFive,21.8,
JPN,SUICIDE,TOT,100000PER,A,sixtySix,21.8,
JPN,SUICIDE,TOT,100000PER,A,sixtySeven,20.4,
JPN,SUICIDE,TOT,100000PER,A,sixtyEight,21.5,B
JPN,SUICIDE,TOT,100000PER,A,sixtyNine,21.3,
JPN,SUICIDE,TOT,100000PER,A,seventy,22.1,
JPN,SUICIDE,TOT,100000PER,A,seventyOne,21.8,
JPN,SUICIDE,TOT,100000PER,A,seventyTwo,23.4,
JPN,SUICIDE,TOT,100000PER,A,seventyThree,23.9,
JPN,SUICIDE,TOT,100000PER,A,seventyFour,23.9,
JPN,SUICIDE,TOT,100000PER,A,seventyFive,24,
JPN,SUICIDE,TOT,100000PER,A,seventySix,23.1,
JPN,SUICIDE,TOT,100000PER,A,seventySeven,23.1,
JPN,SUICIDE,TOT,100000PER,A,seventyEight,22.6,
JPN,SUICIDE,TOT,100000PER,A,seventyNine,22.7,B
JPN,SUICIDE,TOT,100000PER,A,eighty,21.9,
JPN,SUICIDE,TOT,100000PER,A,eightyOne,21.2,
JPN,SUICIDE,TOT,100000PER,A,eightyTwo,21.3,
JPN,SUICIDE,TOT,100000PER,A,eightyThree,25.2,
JPN,SUICIDE,TOT,100000PER,A,eightyFour,24.3,
JPN,SUICIDE,TOT,100000PER,A,eightyFive,22.9,
JPN,SUICIDE,TOT,100000PER,A,eightySix,24.7,
JPN,SUICIDE,TOT,100000PER,A,eightySeven,22.5,
JPN,SUICIDE,TOT,100000PER,A,eightyEight,21.3,
JPN,SUICIDE,TOT,100000PER,A,eightyNine,19.5,
JPN,SUICIDE,TOT,100000PER,A,ninety,18.2,
JPN,SUICIDE,TOT,100000PER,A,ninetyOne,17.6,
JPN,SUICIDE,TOT,100000PER,A,ninetyTwo,18.1,
JPN,SUICIDE,TOT,100000PER,A,ninetyThree,17.4,
JPN,SUICIDE,TOT,100000PER,A,ninetyFour,17.4,
JPN,SUICIDE,TOT,100000PER,A,ninetyFive,17.5,B
JPN,SUICIDE,TOT,100000PER,A,ninetySix,17.8,
JPN,SUICIDE,TOT,100000PER,A,ninetySeven,18.7,
JPN,SUICIDE,TOT,100000PER,A,ninetyEight,24.7,
JPN,SUICIDE,TOT,100000PER,A,ninetyNine,24.2,
JPN,SUICIDE,TOT,100000PER,A,zero,23,
JPN,SUICIDE,TOT,100000PER,A,one,22.2,
JPN,SUICIDE,TOT,100000PER,A,two,22.4,
JPN,SUICIDE,TOT,100000PER,A,three,24,
JPN,SUICIDE,TOT,100000PER,A,four,22.5,
JPN,SUICIDE,TOT,100000PER,A,five,22.7,
JPN,SUICIDE,TOT,100000PER,A,six,22.2,
JPN,SUICIDE,TOT,100000PER,A,seven,22.7,
JPN,SUICIDE,TOT,100000PER,A,eight,22.3,
JPN,SUICIDE,TOT,100000PER,A,nine,22.8,
JPN,SUICIDE,TOT,100000PER,A,ten,21.7,
JPN,SUICIDE,TOT,100000PER,A,eleven,21.4,
JPN,SUICIDE,TOT,100000PER,A,twelve,19.5,
JPN,SUICIDE,TOT,100000PER,A,thirteen,19.2,
JPN,SUICIDE,TOT,100000PER,A,fourteen,18,
JPN,SUICIDE,TOT,100000PER,A,fifteen,17,
JPN,SUICIDE,TOT,100000PER,A,sixteen,15.6,
JPN,SUICIDE,TOT,100000PER,A,seventeen,15.2,
JPN,SUICIDE,TOT,100000PER,A,eighteen,15,
JPN,SUICIDE,TOT,100000PER,A,nineteen,14.6,
KOR,SUICIDE,TOT,100000PER,A,eightyFive,11.5,
KOR,SUICIDE,TOT,100000PER,A,eightySix,10.6,
KOR,SUICIDE,TOT,100000PER,A,eightySeven,9.9,
KOR,SUICIDE,TOT,100000PER,A,eightyEight,8.6,
KOR,SUICIDE,TOT,100000PER,A,eightyNine,8.8,
KOR,SUICIDE,TOT,100000PER,A,ninety,9,
KOR,SUICIDE,TOT,100000PER,A,ninetyOne,8.6,
KOR,SUICIDE,TOT,100000PER,A,ninetyTwo,9.7,
KOR,SUICIDE,TOT,100000PER,A,ninetyThree,11.6,
KOR,SUICIDE,TOT,100000PER,A,ninetyFour,11.9,
KOR,SUICIDE,TOT,100000PER,A,ninetyFive,12.7,B
KOR,SUICIDE,TOT,100000PER,A,ninetySix,15.2,
KOR,SUICIDE,TOT,100000PER,A,ninetySeven,16.3,
KOR,SUICIDE,TOT,100000PER,A,ninetyEight,22.7,
KOR,SUICIDE,TOT,100000PER,A,ninetyNine,18.9,
KOR,SUICIDE,TOT,100000PER,A,zero,17.5,
KOR,SUICIDE,TOT,100000PER,A,one,18.9,
KOR,SUICIDE,TOT,100000PER,A,two,23.9,
KOR,SUICIDE,TOT,100000PER,A,three,29.7,
KOR,SUICIDE,TOT,100000PER,A,four,31.2,
KOR,SUICIDE,TOT,100000PER,A,five,31.6,
KOR,SUICIDE,TOT,100000PER,A,six,27.8,
KOR,SUICIDE,TOT,100000PER,A,seven,30.3,
KOR,SUICIDE,TOT,100000PER,A,eight,30.3,
KOR,SUICIDE,TOT,100000PER,A,nine,35.3,
KOR,SUICIDE,TOT,100000PER,A,ten,35,
KOR,SUICIDE,TOT,100000PER,A,eleven,34.7,
KOR,SUICIDE,TOT,100000PER,A,twelve,30.3,
KOR,SUICIDE,TOT,100000PER,A,thirteen,29.8,
KOR,SUICIDE,TOT,100000PER,A,fourteen,27.6,
KOR,SUICIDE,TOT,100000PER,A,fifteen,26.8,
KOR,SUICIDE,TOT,100000PER,A,sixteen,25.5,
KOR,SUICIDE,TOT,100000PER,A,seventeen,23.8,
KOR,SUICIDE,TOT,100000PER,A,eighteen,25.5,
KOR,SUICIDE,TOT,100000PER,A,nineteen,25.4,
KOR,SUICIDE,TOT,100000PER,A,twenty,24.1,
LUX,SUICIDE,TOT,100000PER,A,sixtySeven,14.5,
LUX,SUICIDE,TOT,100000PER,A,sixtyEight,13.1,
LUX,SUICIDE,TOT,100000PER,A,sixtyNine,17.1,
LUX,SUICIDE,TOT,100000PER,A,seventy,16.2,
LUX,SUICIDE,TOT,100000PER,A,seventyOne,15.3,B
LUX,SUICIDE,TOT,100000PER,A,seventyTwo,16.5,
LUX,SUICIDE,TOT,100000PER,A,seventyThree,14.3,
LUX,SUICIDE,TOT,100000PER,A,seventyFour,13.8,
LUX,SUICIDE,TOT,100000PER,A,seventyFive,11.4,
LUX,SUICIDE,TOT,100000PER,A,seventySix,15.1,
LUX,SUICIDE,TOT,100000PER,A,seventySeven,16.9,
LUX,SUICIDE,TOT,100000PER,A,seventyEight,19.1,
LUX,SUICIDE,TOT,100000PER,A,seventyNine,22.2,B
LUX,SUICIDE,TOT,100000PER,A,eighty,14.2,
LUX,SUICIDE,TOT,100000PER,A,eightyOne,17.3,
LUX,SUICIDE,TOT,100000PER,A,eightyTwo,22.6,
LUX,SUICIDE,TOT,100000PER,A,eightyThree,23.9,
LUX,SUICIDE,TOT,100000PER,A,eightyFour,18.8,
LUX,SUICIDE,TOT,100000PER,A,eightyFive,16.6,
LUX,SUICIDE,TOT,100000PER,A,eightySix,14.4,
LUX,SUICIDE,TOT,100000PER,A,eightySeven,20.1,
LUX,SUICIDE,TOT,100000PER,A,eightyEight,18.7,
LUX,SUICIDE,TOT,100000PER,A,eightyNine,19.9,
LUX,SUICIDE,TOT,100000PER,A,ninety,18.4,
LUX,SUICIDE,TOT,100000PER,A,ninetyOne,20.5,
LUX,SUICIDE,TOT,100000PER,A,ninetyTwo,15.6,
LUX,SUICIDE,TOT,100000PER,A,ninetyThree,16.3,
LUX,SUICIDE,TOT,100000PER,A,ninetyFour,19.3,
LUX,SUICIDE,TOT,100000PER,A,ninetyFive,15.6,
LUX,SUICIDE,TOT,100000PER,A,ninetySix,18.1,
LUX,SUICIDE,TOT,100000PER,A,ninetySeven,20,
LUX,SUICIDE,TOT,100000PER,A,ninetyEight,15.2,B
LUX,SUICIDE,TOT,100000PER,A,ninetyNine,16.6,
LUX,SUICIDE,TOT,100000PER,A,zero,15,
LUX,SUICIDE,TOT,100000PER,A,one,17.4,
LUX,SUICIDE,TOT,100000PER,A,two,20.1,
LUX,SUICIDE,TOT,100000PER,A,three,11,
LUX,SUICIDE,TOT,100000PER,A,four,13.8,
LUX,SUICIDE,TOT,100000PER,A,five,10.7,
LUX,SUICIDE,TOT,100000PER,A,six,13.8,
LUX,SUICIDE,TOT,100000PER,A,seven,16.6,
LUX,SUICIDE,TOT,100000PER,A,eight,8.7,
LUX,SUICIDE,TOT,100000PER,A,nine,9.6,
LUX,SUICIDE,TOT,100000PER,A,ten,10.5,
LUX,SUICIDE,TOT,100000PER,A,eleven,10.7,
LUX,SUICIDE,TOT,100000PER,A,twelve,9.6,
LUX,SUICIDE,TOT,100000PER,A,thirteen,7.6,
LUX,SUICIDE,TOT,100000PER,A,fourteen,12.2,
LUX,SUICIDE,TOT,100000PER,A,fifteen,11.5,
LUX,SUICIDE,TOT,100000PER,A,sixteen,7.5,
LUX,SUICIDE,TOT,100000PER,A,seventeen,8.7,
LUX,SUICIDE,TOT,100000PER,A,eighteen,8.2,
LUX,SUICIDE,TOT,100000PER,A,nineteen,10.9,
MEX,SUICIDE,TOT,100000PER,A,sixtyNine,1.1,
MEX,SUICIDE,TOT,100000PER,A,seventy,1.9,
MEX,SUICIDE,TOT,100000PER,A,seventyOne,1.1,
MEX,SUICIDE,TOT,100000PER,A,seventyTwo,1.2,
MEX,SUICIDE,TOT,100000PER,A,seventyThree,1.1,
MEX,SUICIDE,TOT,100000PER,A,seventyNine,2.6,B
MEX,SUICIDE,TOT,100000PER,A,eighty,2.2,
MEX,SUICIDE,TOT,100000PER,A,eightyOne,2.7,
MEX,SUICIDE,TOT,100000PER,A,eightyTwo,2.7,
MEX,SUICIDE,TOT,100000PER,A,eightyThree,2.4,
MEX,SUICIDE,TOT,100000PER,A,eightyFour,2,
MEX,SUICIDE,TOT,100000PER,A,eightyFive,3.1,
MEX,SUICIDE,TOT,100000PER,A,eightySix,3.4,
MEX,SUICIDE,TOT,100000PER,A,eightySeven,3.3,
MEX,SUICIDE,TOT,100000PER,A,eightyEight,3.2,
MEX,SUICIDE,TOT,100000PER,A,eightyNine,3.6,
MEX,SUICIDE,TOT,100000PER,A,ninety,3.6,
MEX,SUICIDE,TOT,100000PER,A,ninetyOne,3.6,
MEX,SUICIDE,TOT,100000PER,A,ninetyTwo,3.8,
MEX,SUICIDE,TOT,100000PER,A,ninetyThree,3.9,
MEX,SUICIDE,TOT,100000PER,A,ninetyFour,4.3,
MEX,SUICIDE,TOT,100000PER,A,ninetyFive,4.4,
MEX,SUICIDE,TOT,100000PER,A,ninetySix,4.1,
MEX,SUICIDE,TOT,100000PER,A,ninetySeven,4.3,
MEX,SUICIDE,TOT,100000PER,A,ninetyEight,4.2,B
MEX,SUICIDE,TOT,100000PER,A,ninetyNine,4.1,
MEX,SUICIDE,TOT,100000PER,A,zero,4.4,
MEX,SUICIDE,TOT,100000PER,A,one,4.6,
MEX,SUICIDE,TOT,100000PER,A,two,4.4,
MEX,SUICIDE,TOT,100000PER,A,three,4.7,
MEX,SUICIDE,TOT,100000PER,A,four,4.7,
MEX,SUICIDE,TOT,100000PER,A,five,5,
MEX,SUICIDE,TOT,100000PER,A,six,4.6,
MEX,SUICIDE,TOT,100000PER,A,seven,4.5,
MEX,SUICIDE,TOT,100000PER,A,eight,4.7,
MEX,SUICIDE,TOT,100000PER,A,nine,5,
MEX,SUICIDE,TOT,100000PER,A,ten,4.9,
MEX,SUICIDE,TOT,100000PER,A,eleven,5.2,
MEX,SUICIDE,TOT,100000PER,A,twelve,4.9,
MEX,SUICIDE,TOT,100000PER,A,thirteen,5.2,
MEX,SUICIDE,TOT,100000PER,A,fourteen,5.6,
MEX,SUICIDE,TOT,100000PER,A,fifteen,5.5,
MEX,SUICIDE,TOT,100000PER,A,sixteen,5.4,
MEX,SUICIDE,TOT,100000PER,A,seventeen,5.5,
MEX,SUICIDE,TOT,100000PER,A,eighteen,5.5,
MEX,SUICIDE,TOT,100000PER,A,nineteen,5.7,
MEX,SUICIDE,TOT,100000PER,A,twenty,6.3,
NLD,SUICIDE,TOT,100000PER,A,sixty,9.3,
NLD,SUICIDE,TOT,100000PER,A,sixtyOne,9.2,
NLD,SUICIDE,TOT,100000PER,A,sixtyTwo,9.1,
NLD,SUICIDE,TOT,100000PER,A,sixtyThree,8.6,
NLD,SUICIDE,TOT,100000PER,A,sixtyFour,8.9,
NLD,SUICIDE,TOT,100000PER,A,sixtyFive,9.7,
NLD,SUICIDE,TOT,100000PER,A,sixtySix,9.6,
NLD,SUICIDE,TOT,100000PER,A,sixtySeven,8.3,
NLD,SUICIDE,TOT,100000PER,A,sixtyEight,8.4,
NLD,SUICIDE,TOT,100000PER,A,sixtyNine,9.6,B
NLD,SUICIDE,TOT,100000PER,A,seventy,10.6,
NLD,SUICIDE,TOT,100000PER,A,seventyOne,10.7,
NLD,SUICIDE,TOT,100000PER,A,seventyTwo,10.6,
NLD,SUICIDE,TOT,100000PER,A,seventyThree,10.8,
NLD,SUICIDE,TOT,100000PER,A,seventyFour,11.5,
NLD,SUICIDE,TOT,100000PER,A,seventyFive,10.9,
NLD,SUICIDE,TOT,100000PER,A,seventySix,11.6,
NLD,SUICIDE,TOT,100000PER,A,seventySeven,11.1,
NLD,SUICIDE,TOT,100000PER,A,seventyEight,11.5,
NLD,SUICIDE,TOT,100000PER,A,seventyNine,12.5,B
NLD,SUICIDE,TOT,100000PER,A,eighty,11.8,
NLD,SUICIDE,TOT,100000PER,A,eightyOne,11.7,
NLD,SUICIDE,TOT,100000PER,A,eightyTwo,12.4,
NLD,SUICIDE,TOT,100000PER,A,eightyThree,13.8,
NLD,SUICIDE,TOT,100000PER,A,eightyFour,13.9,
NLD,SUICIDE,TOT,100000PER,A,eightyFive,12.4,
NLD,SUICIDE,TOT,100000PER,A,eightySix,12.1,
NLD,SUICIDE,TOT,100000PER,A,eightySeven,12,
NLD,SUICIDE,TOT,100000PER,A,eightyEight,11.2,
NLD,SUICIDE,TOT,100000PER,A,eightyNine,10.9,
NLD,SUICIDE,TOT,100000PER,A,ninety,10.3,
NLD,SUICIDE,TOT,100000PER,A,ninetyOne,11.3,
NLD,SUICIDE,TOT,100000PER,A,ninetyTwo,11,
NLD,SUICIDE,TOT,100000PER,A,ninetyThree,10.5,
NLD,SUICIDE,TOT,100000PER,A,ninetyFour,10.6,
NLD,SUICIDE,TOT,100000PER,A,ninetyFive,10,
NLD,SUICIDE,TOT,100000PER,A,ninetySix,10.4,B
NLD,SUICIDE,TOT,100000PER,A,ninetySeven,10.3,
NLD,SUICIDE,TOT,100000PER,A,ninetyEight,9.9,
NLD,SUICIDE,TOT,100000PER,A,ninetyNine,9.8,
NLD,SUICIDE,TOT,100000PER,A,zero,9.6,
NLD,SUICIDE,TOT,100000PER,A,one,9.3,
NLD,SUICIDE,TOT,100000PER,A,two,9.8,
NLD,SUICIDE,TOT,100000PER,A,three,9.4,
NLD,SUICIDE,TOT,100000PER,A,four,9.3,
NLD,SUICIDE,TOT,100000PER,A,five,9.6,
NLD,SUICIDE,TOT,100000PER,A,six,9.3,
NLD,SUICIDE,TOT,100000PER,A,seven,8.2,
NLD,SUICIDE,TOT,100000PER,A,eight,8.6,
NLD,SUICIDE,TOT,100000PER,A,nine,9.1,
NLD,SUICIDE,TOT,100000PER,A,ten,9.4,
NLD,SUICIDE,TOT,100000PER,A,eleven,9.7,
NLD,SUICIDE,TOT,100000PER,A,twelve,10.3,
NLD,SUICIDE,TOT,100000PER,A,thirteen,10.8,
NLD,SUICIDE,TOT,100000PER,A,fourteen,10.6,
NLD,SUICIDE,TOT,100000PER,A,fifteen,10.7,
NLD,SUICIDE,TOT,100000PER,A,sixteen,10.8,
NLD,SUICIDE,TOT,100000PER,A,seventeen,10.8,
NLD,SUICIDE,TOT,100000PER,A,eighteen,10.2,
NLD,SUICIDE,TOT,100000PER,A,nineteen,10,
NLD,SUICIDE,TOT,100000PER,A,twenty,10,
NZL,SUICIDE,TOT,100000PER,A,sixty,12.8,
NZL,SUICIDE,TOT,100000PER,A,sixtyOne,11.1,
NZL,SUICIDE,TOT,100000PER,A,sixtyTwo,11.3,
NZL,SUICIDE,TOT,100000PER,A,sixtyThree,13,
NZL,SUICIDE,TOT,100000PER,A,sixtyFour,10.8,
NZL,SUICIDE,TOT,100000PER,A,sixtyFive,12.5,
NZL,SUICIDE,TOT,100000PER,A,sixtySix,12.4,
NZL,SUICIDE,TOT,100000PER,A,sixtySeven,13.7,
NZL,SUICIDE,TOT,100000PER,A,sixtyEight,12.7,B
NZL,SUICIDE,TOT,100000PER,A,sixtyNine,13.2,
NZL,SUICIDE,TOT,100000PER,A,seventy,12.6,
NZL,SUICIDE,TOT,100000PER,A,seventyOne,10.7,
NZL,SUICIDE,TOT,100000PER,A,seventyTwo,11.5,
NZL,SUICIDE,TOT,100000PER,A,seventyThree,11.5,
NZL,SUICIDE,TOT,100000PER,A,seventyFour,11.7,
NZL,SUICIDE,TOT,100000PER,A,seventyFive,12.2,
NZL,SUICIDE,TOT,100000PER,A,seventySix,11.8,
NZL,SUICIDE,TOT,100000PER,A,seventySeven,14.4,
NZL,SUICIDE,TOT,100000PER,A,seventyEight,12.8,
NZL,SUICIDE,TOT,100000PER,A,seventyNine,11.9,B
NZL,SUICIDE,TOT,100000PER,A,eighty,12.7,
NZL,SUICIDE,TOT,100000PER,A,eightyOne,12.1,
NZL,SUICIDE,TOT,100000PER,A,eightyTwo,13.6,
NZL,SUICIDE,TOT,100000PER,A,eightyThree,12.5,
NZL,SUICIDE,TOT,100000PER,A,eightyFour,13.7,
NZL,SUICIDE,TOT,100000PER,A,eightyFive,11.6,
NZL,SUICIDE,TOT,100000PER,A,eightySix,14,
NZL,SUICIDE,TOT,100000PER,A,eightySeven,15.2,
NZL,SUICIDE,TOT,100000PER,A,eightyEight,15.5,
NZL,SUICIDE,TOT,100000PER,A,eightyNine,14.5,
NZL,SUICIDE,TOT,100000PER,A,ninety,14.1,
NZL,SUICIDE,TOT,100000PER,A,ninetyOne,13.8,
NZL,SUICIDE,TOT,100000PER,A,ninetyTwo,14.6,
NZL,SUICIDE,TOT,100000PER,A,ninetyThree,12.6,
NZL,SUICIDE,TOT,100000PER,A,ninetyFour,14.8,
NZL,SUICIDE,TOT,100000PER,A,ninetyFive,15.2,
NZL,SUICIDE,TOT,100000PER,A,ninetySix,14.7,
NZL,SUICIDE,TOT,100000PER,A,ninetySeven,15.1,
NZL,SUICIDE,TOT,100000PER,A,ninetyEight,15.5,
NZL,SUICIDE,TOT,100000PER,A,ninetyNine,13.7,
NZL,SUICIDE,TOT,100000PER,A,zero,12.3,B
NZL,SUICIDE,TOT,100000PER,A,one,13.5,
NZL,SUICIDE,TOT,100000PER,A,two,12.3,
NZL,SUICIDE,TOT,100000PER,A,three,13.3,
NZL,SUICIDE,TOT,100000PER,A,four,12.4,
NZL,SUICIDE,TOT,100000PER,A,five,12.7,
NZL,SUICIDE,TOT,100000PER,A,six,12.7,
NZL,SUICIDE,TOT,100000PER,A,seven,11.9,
NZL,SUICIDE,TOT,100000PER,A,eight,12.4,
NZL,SUICIDE,TOT,100000PER,A,nine,12,
NZL,SUICIDE,TOT,100000PER,A,ten,12.4,
NZL,SUICIDE,TOT,100000PER,A,eleven,11.2,
NZL,SUICIDE,TOT,100000PER,A,twelve,12.4,
NZL,SUICIDE,TOT,100000PER,A,thirteen,11.8,
NZL,SUICIDE,TOT,100000PER,A,fourteen,11.5,
NZL,SUICIDE,TOT,100000PER,A,fifteen,11.8,
NZL,SUICIDE,TOT,100000PER,A,sixteen,12.1,
NOR,SUICIDE,TOT,100000PER,A,sixty,7.1,
NOR,SUICIDE,TOT,100000PER,A,sixtyOne,7.5,
NOR,SUICIDE,TOT,100000PER,A,sixtyTwo,8.8,
NOR,SUICIDE,TOT,100000PER,A,sixtyThree,9.1,
NOR,SUICIDE,TOT,100000PER,A,sixtyFour,8.3,
NOR,SUICIDE,TOT,100000PER,A,sixtyFive,8.7,
NOR,SUICIDE,TOT,100000PER,A,sixtySix,7.8,
NOR,SUICIDE,TOT,100000PER,A,sixtySeven,7.7,
NOR,SUICIDE,TOT,100000PER,A,sixtyEight,9,
NOR,SUICIDE,TOT,100000PER,A,sixtyNine,9.1,B
NOR,SUICIDE,TOT,100000PER,A,seventy,9.4,
NOR,SUICIDE,TOT,100000PER,A,seventyOne,9.1,
NOR,SUICIDE,TOT,100000PER,A,seventyTwo,10,
NOR,SUICIDE,TOT,100000PER,A,seventyThree,9.6,
NOR,SUICIDE,TOT,100000PER,A,seventyFour,11.5,
NOR,SUICIDE,TOT,100000PER,A,seventyFive,10.9,
NOR,SUICIDE,TOT,100000PER,A,seventySix,11.8,
NOR,SUICIDE,TOT,100000PER,A,seventySeven,12.5,
NOR,SUICIDE,TOT,100000PER,A,seventyEight,12.6,
NOR,SUICIDE,TOT,100000PER,A,seventyNine,13.3,
NOR,SUICIDE,TOT,100000PER,A,eighty,13.4,
NOR,SUICIDE,TOT,100000PER,A,eightyOne,13.8,
NOR,SUICIDE,TOT,100000PER,A,eightyTwo,15.1,
NOR,SUICIDE,TOT,100000PER,A,eightyThree,15.9,
NOR,SUICIDE,TOT,100000PER,A,eightyFour,15.3,
NOR,SUICIDE,TOT,100000PER,A,eightyFive,14.8,
NOR,SUICIDE,TOT,100000PER,A,eightySix,14.7,B
NOR,SUICIDE,TOT,100000PER,A,eightySeven,16.3,
NOR,SUICIDE,TOT,100000PER,A,eightyEight,17.5,
NOR,SUICIDE,TOT,100000PER,A,eightyNine,16.1,
NOR,SUICIDE,TOT,100000PER,A,ninety,16,
NOR,SUICIDE,TOT,100000PER,A,ninetyOne,16.5,
NOR,SUICIDE,TOT,100000PER,A,ninetyTwo,14.7,
NOR,SUICIDE,TOT,100000PER,A,ninetyThree,13.9,
NOR,SUICIDE,TOT,100000PER,A,ninetyFour,12.6,
NOR,SUICIDE,TOT,100000PER,A,ninetyFive,12.9,
NOR,SUICIDE,TOT,100000PER,A,ninetySix,12,B
NOR,SUICIDE,TOT,100000PER,A,ninetySeven,12.6,
NOR,SUICIDE,TOT,100000PER,A,ninetyEight,12.7,
NOR,SUICIDE,TOT,100000PER,A,ninetyNine,13.5,
NOR,SUICIDE,TOT,100000PER,A,zero,12.4,
NOR,SUICIDE,TOT,100000PER,A,one,12.6,
NOR,SUICIDE,TOT,100000PER,A,two,11.2,
NOR,SUICIDE,TOT,100000PER,A,three,11.3,
NOR,SUICIDE,TOT,100000PER,A,four,11.9,
NOR,SUICIDE,TOT,100000PER,A,five,11.7,
NOR,SUICIDE,TOT,100000PER,A,six,11.7,
NOR,SUICIDE,TOT,100000PER,A,seven,10.6,
NOR,SUICIDE,TOT,100000PER,A,eight,10.7,
NOR,SUICIDE,TOT,100000PER,A,nine,12.1,
NOR,SUICIDE,TOT,100000PER,A,ten,11.4,
NOR,SUICIDE,TOT,100000PER,A,eleven,12.2,
NOR,SUICIDE,TOT,100000PER,A,twelve,10.4,
NOR,SUICIDE,TOT,100000PER,A,thirteen,11,
NOR,SUICIDE,TOT,100000PER,A,fourteen,10.8,
NOR,SUICIDE,TOT,100000PER,A,fifteen,11.4,
NOR,SUICIDE,TOT,100000PER,A,sixteen,11.8,
POL,SUICIDE,TOT,100000PER,A,sixty,10.1,
POL,SUICIDE,TOT,100000PER,A,sixtyOne,10.7,
POL,SUICIDE,TOT,100000PER,A,sixtyTwo,11.5,
POL,SUICIDE,TOT,100000PER,A,sixtyThree,10.5,
POL,SUICIDE,TOT,100000PER,A,sixtyFour,10.8,
POL,SUICIDE,TOT,100000PER,A,sixtyFive,11.3,
POL,SUICIDE,TOT,100000PER,A,sixtySix,12.1,
POL,SUICIDE,TOT,100000PER,A,sixtySeven,12.2,
POL,SUICIDE,TOT,100000PER,A,sixtyEight,12.7,
POL,SUICIDE,TOT,100000PER,A,sixtyNine,13.1,B
POL,SUICIDE,TOT,100000PER,A,seventy,13.4,
POL,SUICIDE,TOT,100000PER,A,seventyOne,13.5,
POL,SUICIDE,TOT,100000PER,A,seventyTwo,13.5,
POL,SUICIDE,TOT,100000PER,A,seventyThree,13.3,
POL,SUICIDE,TOT,100000PER,A,seventyFour,12.7,
POL,SUICIDE,TOT,100000PER,A,seventyFive,12.6,
POL,SUICIDE,TOT,100000PER,A,seventySix,13.4,
POL,SUICIDE,TOT,100000PER,A,seventySeven,13.7,
POL,SUICIDE,TOT,100000PER,A,seventyEight,14.5,
POL,SUICIDE,TOT,100000PER,A,seventyNine,13.9,
POL,SUICIDE,TOT,100000PER,A,eightyThree,13.5,
POL,SUICIDE,TOT,100000PER,A,eightyFour,15.4,
POL,SUICIDE,TOT,100000PER,A,eightyFive,14.8,
POL,SUICIDE,TOT,100000PER,A,eightySix,14.6,
POL,SUICIDE,TOT,100000PER,A,eightySeven,14.9,
POL,SUICIDE,TOT,100000PER,A,eightyEight,13.7,
POL,SUICIDE,TOT,100000PER,A,eightyNine,12.7,
POL,SUICIDE,TOT,100000PER,A,ninety,14.5,
POL,SUICIDE,TOT,100000PER,A,ninetyOne,15.5,
POL,SUICIDE,TOT,100000PER,A,ninetyTwo,16.5,
POL,SUICIDE,TOT,100000PER,A,ninetyThree,16.1,
POL,SUICIDE,TOT,100000PER,A,ninetyFour,15.7,
POL,SUICIDE,TOT,100000PER,A,ninetyFive,15.5,
POL,SUICIDE,TOT,100000PER,A,ninetySix,15.2,
POL,SUICIDE,TOT,100000PER,A,ninetyNine,15.5,B
POL,SUICIDE,TOT,100000PER,A,zero,15.8,
POL,SUICIDE,TOT,100000PER,A,one,15.7,
POL,SUICIDE,TOT,100000PER,A,two,15.8,
POL,SUICIDE,TOT,100000PER,A,three,15.4,
POL,SUICIDE,TOT,100000PER,A,four,15.9,
POL,SUICIDE,TOT,100000PER,A,five,15.8,
POL,SUICIDE,TOT,100000PER,A,six,15.1,
POL,SUICIDE,TOT,100000PER,A,seven,13.7,
POL,SUICIDE,TOT,100000PER,A,eight,14.7,
POL,SUICIDE,TOT,100000PER,A,nine,16.7,
POL,SUICIDE,TOT,100000PER,A,ten,16.3,
POL,SUICIDE,TOT,100000PER,A,eleven,15.6,
POL,SUICIDE,TOT,100000PER,A,twelve,16.2,
POL,SUICIDE,TOT,100000PER,A,thirteen,15.8,
POL,SUICIDE,TOT,100000PER,A,fourteen,15.1,
POL,SUICIDE,TOT,100000PER,A,fifteen,13.7,
POL,SUICIDE,TOT,100000PER,A,sixteen,11.9,
POL,SUICIDE,TOT,100000PER,A,seventeen,11.3,
POL,SUICIDE,TOT,100000PER,A,eighteen,11.3,
POL,SUICIDE,TOT,100000PER,A,nineteen,11.6,
PRT,SUICIDE,TOT,100000PER,A,sixty,12.2,
PRT,SUICIDE,TOT,100000PER,A,sixtyOne,12.3,
PRT,SUICIDE,TOT,100000PER,A,sixtyTwo,11.6,
PRT,SUICIDE,TOT,100000PER,A,sixtyThree,13,
PRT,SUICIDE,TOT,100000PER,A,sixtyFour,13.2,
PRT,SUICIDE,TOT,100000PER,A,sixtyFive,13.2,
PRT,SUICIDE,TOT,100000PER,A,sixtySix,13.2,
PRT,SUICIDE,TOT,100000PER,A,sixtySeven,13.5,
PRT,SUICIDE,TOT,100000PER,A,sixtyEight,12.9,
PRT,SUICIDE,TOT,100000PER,A,sixtyNine,12.4,
PRT,SUICIDE,TOT,100000PER,A,seventy,11.1,
PRT,SUICIDE,TOT,100000PER,A,seventyOne,11.5,B
PRT,SUICIDE,TOT,100000PER,A,seventyTwo,11,
PRT,SUICIDE,TOT,100000PER,A,seventyThree,11.3,
PRT,SUICIDE,TOT,100000PER,A,seventyFour,11.2,
PRT,SUICIDE,TOT,100000PER,A,seventyFive,10.9,
PRT,SUICIDE,TOT,100000PER,A,seventySix,11.5,
PRT,SUICIDE,TOT,100000PER,A,seventySeven,11.6,
PRT,SUICIDE,TOT,100000PER,A,seventyEight,12.1,
PRT,SUICIDE,TOT,100000PER,A,seventyNine,12.5,
PRT,SUICIDE,TOT,100000PER,A,eighty,9.4,B
PRT,SUICIDE,TOT,100000PER,A,eightyOne,9.6,
PRT,SUICIDE,TOT,100000PER,A,eightyTwo,10,
PRT,SUICIDE,TOT,100000PER,A,eightyThree,11.3,
PRT,SUICIDE,TOT,100000PER,A,eightyFour,12,
PRT,SUICIDE,TOT,100000PER,A,eightyFive,11.6,
PRT,SUICIDE,TOT,100000PER,A,eightySix,11.1,
PRT,SUICIDE,TOT,100000PER,A,eightySeven,11.1,
PRT,SUICIDE,TOT,100000PER,A,eightyEight,9.4,
PRT,SUICIDE,TOT,100000PER,A,eightyNine,8.5,
PRT,SUICIDE,TOT,100000PER,A,ninety,9.7,
PRT,SUICIDE,TOT,100000PER,A,ninetyOne,10.5,
PRT,SUICIDE,TOT,100000PER,A,ninetyTwo,9.6,
PRT,SUICIDE,TOT,100000PER,A,ninetyThree,8.5,
PRT,SUICIDE,TOT,100000PER,A,ninetyFour,8.2,
PRT,SUICIDE,TOT,100000PER,A,ninetyFive,8.6,
PRT,SUICIDE,TOT,100000PER,A,ninetySix,7,
PRT,SUICIDE,TOT,100000PER,A,ninetySeven,6.5,
PRT,SUICIDE,TOT,100000PER,A,ninetyEight,5.7,
PRT,SUICIDE,TOT,100000PER,A,ninetyNine,5.5,
PRT,SUICIDE,TOT,100000PER,A,zero,5.2,
PRT,SUICIDE,TOT,100000PER,A,one,7.4,
PRT,SUICIDE,TOT,100000PER,A,two,11.7,B
PRT,SUICIDE,TOT,100000PER,A,three,11.1,
PRT,SUICIDE,TOT,100000PER,A,seven,9.3,
PRT,SUICIDE,TOT,100000PER,A,eight,9.4,
PRT,SUICIDE,TOT,100000PER,A,nine,9.2,
PRT,SUICIDE,TOT,100000PER,A,ten,9.7,
PRT,SUICIDE,TOT,100000PER,A,eleven,8.9,
PRT,SUICIDE,TOT,100000PER,A,twelve,9.3,
PRT,SUICIDE,TOT,100000PER,A,thirteen,9.1,
PRT,SUICIDE,TOT,100000PER,A,fourteen,10.6,
PRT,SUICIDE,TOT,100000PER,A,fifteen,9.7,
PRT,SUICIDE,TOT,100000PER,A,sixteen,8.4,
PRT,SUICIDE,TOT,100000PER,A,seventeen,9.1,
PRT,SUICIDE,TOT,100000PER,A,eighteen,8.5,
SVK,SUICIDE,TOT,100000PER,A,ninetyTwo,17.2,
SVK,SUICIDE,TOT,100000PER,A,ninetyThree,15.8,
SVK,SUICIDE,TOT,100000PER,A,ninetyFour,14.7,B
SVK,SUICIDE,TOT,100000PER,A,ninetyFive,15.5,
SVK,SUICIDE,TOT,100000PER,A,ninetySix,13.9,
SVK,SUICIDE,TOT,100000PER,A,ninetySeven,13.2,
SVK,SUICIDE,TOT,100000PER,A,ninetyEight,13.4,
SVK,SUICIDE,TOT,100000PER,A,ninetyNine,14,
SVK,SUICIDE,TOT,100000PER,A,zero,14.6,
SVK,SUICIDE,TOT,100000PER,A,one,13.9,
SVK,SUICIDE,TOT,100000PER,A,two,14.3,
SVK,SUICIDE,TOT,100000PER,A,three,14.6,
SVK,SUICIDE,TOT,100000PER,A,four,12.8,
SVK,SUICIDE,TOT,100000PER,A,five,12.9,
SVK,SUICIDE,TOT,100000PER,A,eight,11,
SVK,SUICIDE,TOT,100000PER,A,nine,11.1,
SVK,SUICIDE,TOT,100000PER,A,ten,11.6,
SVK,SUICIDE,TOT,100000PER,A,twelve,10.4,
SVK,SUICIDE,TOT,100000PER,A,thirteen,11.2,
SVK,SUICIDE,TOT,100000PER,A,fourteen,10,
SVK,SUICIDE,TOT,100000PER,A,sixteen,6.9,
SVK,SUICIDE,TOT,100000PER,A,seventeen,6.7,
SVK,SUICIDE,TOT,100000PER,A,eighteen,7.4,
SVK,SUICIDE,TOT,100000PER,A,nineteen,6.6,
ESP,SUICIDE,TOT,100000PER,A,sixty,7.5,
ESP,SUICIDE,TOT,100000PER,A,sixtyOne,7.1,
ESP,SUICIDE,TOT,100000PER,A,sixtyTwo,6.6,
ESP,SUICIDE,TOT,100000PER,A,sixtyThree,6.7,
ESP,SUICIDE,TOT,100000PER,A,sixtyFour,6.8,
ESP,SUICIDE,TOT,100000PER,A,sixtyFive,6.4,
ESP,SUICIDE,TOT,100000PER,A,sixtySix,6.3,
ESP,SUICIDE,TOT,100000PER,A,sixtySeven,6.1,
ESP,SUICIDE,TOT,100000PER,A,sixtyEight,5.9,B
ESP,SUICIDE,TOT,100000PER,A,sixtyNine,6,
ESP,SUICIDE,TOT,100000PER,A,seventyOne,5.8,
ESP,SUICIDE,TOT,100000PER,A,seventyTwo,6,
ESP,SUICIDE,TOT,100000PER,A,seventyThree,5.7,
ESP,SUICIDE,TOT,100000PER,A,seventyFour,5.4,
ESP,SUICIDE,TOT,100000PER,A,seventyFive,5.1,
ESP,SUICIDE,TOT,100000PER,A,seventySix,5.3,
ESP,SUICIDE,TOT,100000PER,A,seventySeven,5.3,
ESP,SUICIDE,TOT,100000PER,A,seventyEight,5.1,
ESP,SUICIDE,TOT,100000PER,A,seventyNine,5.2,
ESP,SUICIDE,TOT,100000PER,A,eighty,5.4,B
ESP,SUICIDE,TOT,100000PER,A,eightyOne,5.5,
ESP,SUICIDE,TOT,100000PER,A,eightyTwo,5.9,
ESP,SUICIDE,TOT,100000PER,A,eightyThree,6.9,
ESP,SUICIDE,TOT,100000PER,A,eightyFour,7.7,
ESP,SUICIDE,TOT,100000PER,A,eightyFive,7.7,
ESP,SUICIDE,TOT,100000PER,A,eightySix,8.3,
ESP,SUICIDE,TOT,100000PER,A,eightySeven,8.3,
ESP,SUICIDE,TOT,100000PER,A,eightyEight,8.6,
ESP,SUICIDE,TOT,100000PER,A,eightyNine,8.6,
ESP,SUICIDE,TOT,100000PER,A,ninety,8.4,
ESP,SUICIDE,TOT,100000PER,A,ninetyOne,8.1,
ESP,SUICIDE,TOT,100000PER,A,ninetyTwo,7.7,
ESP,SUICIDE,TOT,100000PER,A,ninetyThree,8.3,
ESP,SUICIDE,TOT,100000PER,A,ninetyFour,8.5,
ESP,SUICIDE,TOT,100000PER,A,ninetyFive,8.3,
ESP,SUICIDE,TOT,100000PER,A,ninetySix,8.7,
ESP,SUICIDE,TOT,100000PER,A,ninetySeven,8.8,
ESP,SUICIDE,TOT,100000PER,A,ninetyEight,8.3,
ESP,SUICIDE,TOT,100000PER,A,ninetyNine,8.1,B
ESP,SUICIDE,TOT,100000PER,A,zero,8.3,
ESP,SUICIDE,TOT,100000PER,A,one,7.7,
ESP,SUICIDE,TOT,100000PER,A,two,8,
ESP,SUICIDE,TOT,100000PER,A,three,8.1,
ESP,SUICIDE,TOT,100000PER,A,four,8,
ESP,SUICIDE,TOT,100000PER,A,five,7.6,
ESP,SUICIDE,TOT,100000PER,A,six,7.1,
ESP,SUICIDE,TOT,100000PER,A,seven,7,
ESP,SUICIDE,TOT,100000PER,A,eight,7.3,
ESP,SUICIDE,TOT,100000PER,A,nine,7.2,
ESP,SUICIDE,TOT,100000PER,A,ten,6.5,
ESP,SUICIDE,TOT,100000PER,A,eleven,6.5,
ESP,SUICIDE,TOT,100000PER,A,twelve,7.1,
ESP,SUICIDE,TOT,100000PER,A,thirteen,7.8,
ESP,SUICIDE,TOT,100000PER,A,fourteen,7.8,
ESP,SUICIDE,TOT,100000PER,A,fifteen,7.2,
ESP,SUICIDE,TOT,100000PER,A,sixteen,7.1,
ESP,SUICIDE,TOT,100000PER,A,seventeen,7.2,
ESP,SUICIDE,TOT,100000PER,A,eighteen,6.9,
ESP,SUICIDE,TOT,100000PER,A,nineteen,7.1,
ESP,SUICIDE,TOT,100000PER,A,twenty,7.5,
SWE,SUICIDE,TOT,100000PER,A,sixty,19,
SWE,SUICIDE,TOT,100000PER,A,sixtyOne,18.4,
SWE,SUICIDE,TOT,100000PER,A,sixtyTwo,19.8,
SWE,SUICIDE,TOT,100000PER,A,sixtyThree,19.7,
SWE,SUICIDE,TOT,100000PER,A,sixtyFour,21.3,
SWE,SUICIDE,TOT,100000PER,A,sixtyFive,20.2,
SWE,SUICIDE,TOT,100000PER,A,sixtySix,21.4,
SWE,SUICIDE,TOT,100000PER,A,sixtySeven,23,
SWE,SUICIDE,TOT,100000PER,A,sixtyEight,22.9,
SWE,SUICIDE,TOT,100000PER,A,sixtyNine,23.4,B
SWE,SUICIDE,TOT,100000PER,A,seventy,23.7,
SWE,SUICIDE,TOT,100000PER,A,seventyOne,21.7,
SWE,SUICIDE,TOT,100000PER,A,seventyTwo,21.6,
SWE,SUICIDE,TOT,100000PER,A,seventyThree,22,
SWE,SUICIDE,TOT,100000PER,A,seventyFour,21.2,
SWE,SUICIDE,TOT,100000PER,A,seventyFive,20.6,
SWE,SUICIDE,TOT,100000PER,A,seventySix,19.9,
SWE,SUICIDE,TOT,100000PER,A,seventySeven,20.8,
SWE,SUICIDE,TOT,100000PER,A,seventyEight,20.1,
SWE,SUICIDE,TOT,100000PER,A,seventyNine,21.6,
SWE,SUICIDE,TOT,100000PER,A,eighty,20.5,
SWE,SUICIDE,TOT,100000PER,A,eightyOne,18.4,
SWE,SUICIDE,TOT,100000PER,A,eightyTwo,20.3,
SWE,SUICIDE,TOT,100000PER,A,eightyThree,19.7,
SWE,SUICIDE,TOT,100000PER,A,eightyFour,20.1,
SWE,SUICIDE,TOT,100000PER,A,eightyFive,18.6,
SWE,SUICIDE,TOT,100000PER,A,eightySix,18.9,
SWE,SUICIDE,TOT,100000PER,A,eightySeven,18.7,B
SWE,SUICIDE,TOT,100000PER,A,eightyEight,19.2,
SWE,SUICIDE,TOT,100000PER,A,eightyNine,18.9,
SWE,SUICIDE,TOT,100000PER,A,ninety,17.4,
SWE,SUICIDE,TOT,100000PER,A,ninetyOne,17.5,
SWE,SUICIDE,TOT,100000PER,A,ninetyTwo,15.9,
SWE,SUICIDE,TOT,100000PER,A,ninetyThree,16,
SWE,SUICIDE,TOT,100000PER,A,ninetyFour,15.2,
SWE,SUICIDE,TOT,100000PER,A,ninetyFive,15.5,
SWE,SUICIDE,TOT,100000PER,A,ninetySix,14.3,
SWE,SUICIDE,TOT,100000PER,A,ninetySeven,13.7,B
SWE,SUICIDE,TOT,100000PER,A,ninetyEight,14,
SWE,SUICIDE,TOT,100000PER,A,ninetyNine,13.9,
SWE,SUICIDE,TOT,100000PER,A,zero,12.7,
SWE,SUICIDE,TOT,100000PER,A,one,13.4,
SWE,SUICIDE,TOT,100000PER,A,two,13.2,
SWE,SUICIDE,TOT,100000PER,A,three,12.3,
SWE,SUICIDE,TOT,100000PER,A,four,12.8,
SWE,SUICIDE,TOT,100000PER,A,five,13.4,
SWE,SUICIDE,TOT,100000PER,A,six,13,
SWE,SUICIDE,TOT,100000PER,A,seven,12.2,
SWE,SUICIDE,TOT,100000PER,A,eight,12.5,
SWE,SUICIDE,TOT,100000PER,A,nine,13.2,
SWE,SUICIDE,TOT,100000PER,A,ten,12,
SWE,SUICIDE,TOT,100000PER,A,eleven,11.6,
SWE,SUICIDE,TOT,100000PER,A,twelve,11.9,
SWE,SUICIDE,TOT,100000PER,A,thirteen,12.6,
SWE,SUICIDE,TOT,100000PER,A,fourteen,11.7,
SWE,SUICIDE,TOT,100000PER,A,fifteen,12,
SWE,SUICIDE,TOT,100000PER,A,sixteen,11.3,
SWE,SUICIDE,TOT,100000PER,A,seventeen,11.7,
SWE,SUICIDE,TOT,100000PER,A,eighteen,12.4,
CHE,SUICIDE,TOT,100000PER,A,sixty,21.9,
CHE,SUICIDE,TOT,100000PER,A,sixtyOne,21.3,
CHE,SUICIDE,TOT,100000PER,A,sixtyTwo,21.8,
CHE,SUICIDE,TOT,100000PER,A,sixtyThree,19.7,
CHE,SUICIDE,TOT,100000PER,A,sixtyFour,19.6,
CHE,SUICIDE,TOT,100000PER,A,sixtyFive,21.7,
CHE,SUICIDE,TOT,100000PER,A,sixtySix,21.5,
CHE,SUICIDE,TOT,100000PER,A,sixtySeven,20.3,
CHE,SUICIDE,TOT,100000PER,A,sixtyEight,20.1,
CHE,SUICIDE,TOT,100000PER,A,sixtyNine,19.8,B
CHE,SUICIDE,TOT,100000PER,A,seventy,21.6,
CHE,SUICIDE,TOT,100000PER,A,seventyOne,21.3,
CHE,SUICIDE,TOT,100000PER,A,seventyTwo,22.2,
CHE,SUICIDE,TOT,100000PER,A,seventyThree,21.6,
CHE,SUICIDE,TOT,100000PER,A,seventyFour,23.2,
CHE,SUICIDE,TOT,100000PER,A,seventyFive,25,
CHE,SUICIDE,TOT,100000PER,A,seventySix,24.2,
CHE,SUICIDE,TOT,100000PER,A,seventySeven,26,
CHE,SUICIDE,TOT,100000PER,A,seventyEight,25.9,
CHE,SUICIDE,TOT,100000PER,A,seventyNine,26.3,
CHE,SUICIDE,TOT,100000PER,A,eighty,27.1,
CHE,SUICIDE,TOT,100000PER,A,eightyOne,25.2,
CHE,SUICIDE,TOT,100000PER,A,eightyTwo,25.6,
CHE,SUICIDE,TOT,100000PER,A,eightyThree,26.4,
CHE,SUICIDE,TOT,100000PER,A,eightyFour,25.6,
CHE,SUICIDE,TOT,100000PER,A,eightyFive,25.9,
CHE,SUICIDE,TOT,100000PER,A,eightySix,23.4,
CHE,SUICIDE,TOT,100000PER,A,eightySeven,24.7,
CHE,SUICIDE,TOT,100000PER,A,eightyEight,22.8,
CHE,SUICIDE,TOT,100000PER,A,eightyNine,23.1,
CHE,SUICIDE,TOT,100000PER,A,ninety,22.4,
CHE,SUICIDE,TOT,100000PER,A,ninetyOne,23.2,
CHE,SUICIDE,TOT,100000PER,A,ninetyTwo,21.2,
CHE,SUICIDE,TOT,100000PER,A,ninetyThree,20.8,
CHE,SUICIDE,TOT,100000PER,A,ninetyFour,21.9,
CHE,SUICIDE,TOT,100000PER,A,ninetyFive,20.7,B
CHE,SUICIDE,TOT,100000PER,A,ninetySix,20.7,
CHE,SUICIDE,TOT,100000PER,A,ninetySeven,19.2,
CHE,SUICIDE,TOT,100000PER,A,ninetyEight,19.6,
CHE,SUICIDE,TOT,100000PER,A,ninetyNine,18.3,
CHE,SUICIDE,TOT,100000PER,A,zero,19.2,
CHE,SUICIDE,TOT,100000PER,A,one,18.6,
CHE,SUICIDE,TOT,100000PER,A,two,19.7,
CHE,SUICIDE,TOT,100000PER,A,three,17.2,
CHE,SUICIDE,TOT,100000PER,A,four,17.2,
CHE,SUICIDE,TOT,100000PER,A,five,17.2,
CHE,SUICIDE,TOT,100000PER,A,six,17.1,
CHE,SUICIDE,TOT,100000PER,A,seven,17.5,
CHE,SUICIDE,TOT,100000PER,A,eight,16.7,
CHE,SUICIDE,TOT,100000PER,A,nine,13.8,
CHE,SUICIDE,TOT,100000PER,A,ten,12.3,
CHE,SUICIDE,TOT,100000PER,A,eleven,12.5,
CHE,SUICIDE,TOT,100000PER,A,twelve,12.4,
CHE,SUICIDE,TOT,100000PER,A,thirteen,12.6,
CHE,SUICIDE,TOT,100000PER,A,fourteen,11.9,
CHE,SUICIDE,TOT,100000PER,A,fifteen,12.3,
CHE,SUICIDE,TOT,100000PER,A,sixteen,11.5,
CHE,SUICIDE,TOT,100000PER,A,seventeen,11.6,
CHE,SUICIDE,TOT,100000PER,A,eighteen,11.1,
CHE,SUICIDE,TOT,100000PER,A,nineteen,11.1,
GBR,SUICIDE,TOT,100000PER,A,sixty,11.8,
GBR,SUICIDE,TOT,100000PER,A,sixtyOne,11.9,
GBR,SUICIDE,TOT,100000PER,A,sixtyTwo,12.8,
GBR,SUICIDE,TOT,100000PER,A,sixtyThree,12.9,
GBR,SUICIDE,TOT,100000PER,A,sixtyFour,12.5,
GBR,SUICIDE,TOT,100000PER,A,sixtyFive,11.5,
GBR,SUICIDE,TOT,100000PER,A,sixtySix,11.2,
GBR,SUICIDE,TOT,100000PER,A,sixtySeven,10.5,
GBR,SUICIDE,TOT,100000PER,A,sixtyEight,10.3,B
GBR,SUICIDE,TOT,100000PER,A,sixtyNine,9.6,
GBR,SUICIDE,TOT,100000PER,A,seventy,8.8,
GBR,SUICIDE,TOT,100000PER,A,seventyOne,8.7,
GBR,SUICIDE,TOT,100000PER,A,seventyTwo,8.4,
GBR,SUICIDE,TOT,100000PER,A,seventyThree,8.6,
GBR,SUICIDE,TOT,100000PER,A,seventyFour,8.7,
GBR,SUICIDE,TOT,100000PER,A,seventyFive,8.2,
GBR,SUICIDE,TOT,100000PER,A,seventySix,8.5,
GBR,SUICIDE,TOT,100000PER,A,seventySeven,8.7,
GBR,SUICIDE,TOT,100000PER,A,seventyEight,8.8,
GBR,SUICIDE,TOT,100000PER,A,seventyNine,9.3,B
GBR,SUICIDE,TOT,100000PER,A,eighty,9.5,
GBR,SUICIDE,TOT,100000PER,A,eightyOne,9.6,
GBR,SUICIDE,TOT,100000PER,A,eightyTwo,9.5,
GBR,SUICIDE,TOT,100000PER,A,eightyThree,9.4,
GBR,SUICIDE,TOT,100000PER,A,eightyFour,9.4,
GBR,SUICIDE,TOT,100000PER,A,eightyFive,9.6,
GBR,SUICIDE,TOT,100000PER,A,eightySix,9,
GBR,SUICIDE,TOT,100000PER,A,eightySeven,8.4,
GBR,SUICIDE,TOT,100000PER,A,eightyEight,9,
GBR,SUICIDE,TOT,100000PER,A,eightyNine,7.9,
GBR,SUICIDE,TOT,100000PER,A,ninety,8.3,
GBR,SUICIDE,TOT,100000PER,A,ninetyOne,8.1,
GBR,SUICIDE,TOT,100000PER,A,ninetyTwo,8.2,
GBR,SUICIDE,TOT,100000PER,A,ninetyThree,7.8,
GBR,SUICIDE,TOT,100000PER,A,ninetyFour,7.6,
GBR,SUICIDE,TOT,100000PER,A,ninetyFive,7.5,
GBR,SUICIDE,TOT,100000PER,A,ninetySix,7.2,
GBR,SUICIDE,TOT,100000PER,A,ninetySeven,7.1,
GBR,SUICIDE,TOT,100000PER,A,ninetyEight,7.5,
GBR,SUICIDE,TOT,100000PER,A,ninetyNine,7.6,
GBR,SUICIDE,TOT,100000PER,A,one,7.1,B
GBR,SUICIDE,TOT,100000PER,A,two,7,
GBR,SUICIDE,TOT,100000PER,A,three,6.7,
GBR,SUICIDE,TOT,100000PER,A,four,7,
GBR,SUICIDE,TOT,100000PER,A,five,6.7,
GBR,SUICIDE,TOT,100000PER,A,six,6.8,
GBR,SUICIDE,TOT,100000PER,A,seven,6.4,
GBR,SUICIDE,TOT,100000PER,A,eight,7,
GBR,SUICIDE,TOT,100000PER,A,nine,6.9,
GBR,SUICIDE,TOT,100000PER,A,ten,6.7,
GBR,SUICIDE,TOT,100000PER,A,eleven,7,
GBR,SUICIDE,TOT,100000PER,A,twelve,7,
GBR,SUICIDE,TOT,100000PER,A,thirteen,7.6,
GBR,SUICIDE,TOT,100000PER,A,fourteen,7.5,
GBR,SUICIDE,TOT,100000PER,A,fifteen,7.6,
GBR,SUICIDE,TOT,100000PER,A,sixteen,7.4,
GBR,SUICIDE,TOT,100000PER,A,seventeen,7.1,
GBR,SUICIDE,TOT,100000PER,A,eighteen,8.1,
GBR,SUICIDE,TOT,100000PER,A,nineteen,8.6,
GBR,SUICIDE,TOT,100000PER,A,twenty,8.4,
USA,SUICIDE,TOT,100000PER,A,sixty,13.9,
USA,SUICIDE,TOT,100000PER,A,sixtyOne,13.6,
USA,SUICIDE,TOT,100000PER,A,sixtyTwo,14.2,
USA,SUICIDE,TOT,100000PER,A,sixtyThree,14.3,
USA,SUICIDE,TOT,100000PER,A,sixtyFour,14,
USA,SUICIDE,TOT,100000PER,A,sixtyFive,14.4,
USA,SUICIDE,TOT,100000PER,A,sixtySix,14.1,
USA,SUICIDE,TOT,100000PER,A,sixtySeven,13.7,
USA,SUICIDE,TOT,100000PER,A,sixtyEight,13.5,B
USA,SUICIDE,TOT,100000PER,A,sixtyNine,13.9,
USA,SUICIDE,TOT,100000PER,A,seventy,14.3,
USA,SUICIDE,TOT,100000PER,A,seventyOne,14.3,
USA,SUICIDE,TOT,100000PER,A,seventyTwo,14.5,
USA,SUICIDE,TOT,100000PER,A,seventyThree,14.2,
USA,SUICIDE,TOT,100000PER,A,seventyFour,14.2,
USA,SUICIDE,TOT,100000PER,A,seventyFive,14.5,
USA,SUICIDE,TOT,100000PER,A,seventySix,14.2,
USA,SUICIDE,TOT,100000PER,A,seventySeven,14.6,
USA,SUICIDE,TOT,100000PER,A,seventyEight,13.8,
USA,SUICIDE,TOT,100000PER,A,seventyNine,13.4,B
USA,SUICIDE,TOT,100000PER,A,eighty,12.9,
USA,SUICIDE,TOT,100000PER,A,eightyOne,13.1,
USA,SUICIDE,TOT,100000PER,A,eightyTwo,13.3,
USA,SUICIDE,TOT,100000PER,A,eightyThree,13.3,
USA,SUICIDE,TOT,100000PER,A,eightyFour,13.4,
USA,SUICIDE,TOT,100000PER,A,eightyFive,13.3,
USA,SUICIDE,TOT,100000PER,A,eightySix,13.9,
USA,SUICIDE,TOT,100000PER,A,eightySeven,13.7,
USA,SUICIDE,TOT,100000PER,A,eightyEight,13.3,
USA,SUICIDE,TOT,100000PER,A,eightyNine,13.1,
USA,SUICIDE,TOT,100000PER,A,ninety,13.3,
USA,SUICIDE,TOT,100000PER,A,ninetyOne,13.1,
USA,SUICIDE,TOT,100000PER,A,ninetyTwo,12.8,
USA,SUICIDE,TOT,100000PER,A,ninetyThree,12.9,
USA,SUICIDE,TOT,100000PER,A,ninetyFour,12.7,
USA,SUICIDE,TOT,100000PER,A,ninetyFive,12.6,
USA,SUICIDE,TOT,100000PER,A,ninetySix,12.3,
USA,SUICIDE,TOT,100000PER,A,ninetySeven,12.1,
USA,SUICIDE,TOT,100000PER,A,ninetyEight,11.9,
USA,SUICIDE,TOT,100000PER,A,ninetyNine,11.3,B
USA,SUICIDE,TOT,100000PER,A,zero,11,
USA,SUICIDE,TOT,100000PER,A,one,11.3,
USA,SUICIDE,TOT,100000PER,A,two,11.5,
USA,SUICIDE,TOT,100000PER,A,three,11.3,
USA,SUICIDE,TOT,100000PER,A,four,11.5,
USA,SUICIDE,TOT,100000PER,A,five,11.4,
USA,SUICIDE,TOT,100000PER,A,six,11.5,
USA,SUICIDE,TOT,100000PER,A,seven,11.9,
USA,SUICIDE,TOT,100000PER,A,eight,12.2,
USA,SUICIDE,TOT,100000PER,A,nine,12.4,
USA,SUICIDE,TOT,100000PER,A,ten,12.8,
USA,SUICIDE,TOT,100000PER,A,eleven,13,
USA,SUICIDE,TOT,100000PER,A,twelve,13.2,
USA,SUICIDE,TOT,100000PER,A,thirteen,13.4,
USA,SUICIDE,TOT,100000PER,A,fourteen,13.8,
USA,SUICIDE,TOT,100000PER,A,fifteen,14,
USA,SUICIDE,TOT,100000PER,A,sixteen,14.2,
USA,SUICIDE,TOT,100000PER,A,seventeen,14.8,
USA,SUICIDE,TOT,100000PER,A,eighteen,15,
USA,SUICIDE,TOT,100000PER,A,nineteen,14.7,
USA,SUICIDE,TOT,100000PER,A,twenty,14.1,
BRA,SUICIDE,TOT,100000PER,A,seventyNine,4.4,
BRA,SUICIDE,TOT,100000PER,A,eighty,5,
BRA,SUICIDE,TOT,100000PER,A,eightyOne,4.8,
BRA,SUICIDE,TOT,100000PER,A,eightyTwo,4.6,
BRA,SUICIDE,TOT,100000PER,A,eightyThree,5.2,
BRA,SUICIDE,TOT,100000PER,A,eightyFour,5,
BRA,SUICIDE,TOT,100000PER,A,eightyFive,4.8,
BRA,SUICIDE,TOT,100000PER,A,ninety,4.8,
BRA,SUICIDE,TOT,100000PER,A,ninetyOne,5.1,
BRA,SUICIDE,TOT,100000PER,A,ninetyTwo,4.9,
BRA,SUICIDE,TOT,100000PER,A,ninetyThree,4.9,
BRA,SUICIDE,TOT,100000PER,A,ninetyFour,5.1,
BRA,SUICIDE,TOT,100000PER,A,ninetyFive,5.5,
BRA,SUICIDE,TOT,100000PER,A,ninetySix,5.6,B
BRA,SUICIDE,TOT,100000PER,A,ninetySeven,5.5,
BRA,SUICIDE,TOT,100000PER,A,ninetyEight,5.5,
BRA,SUICIDE,TOT,100000PER,A,ninetyNine,4.9,
BRA,SUICIDE,TOT,100000PER,A,zero,5.1,
BRA,SUICIDE,TOT,100000PER,A,one,5.5,
BRA,SUICIDE,TOT,100000PER,A,two,5.3,
BRA,SUICIDE,TOT,100000PER,A,three,5.2,
BRA,SUICIDE,TOT,100000PER,A,four,5.3,
BRA,SUICIDE,TOT,100000PER,A,five,5.6,
BRA,SUICIDE,TOT,100000PER,A,six,5.4,
BRA,SUICIDE,TOT,100000PER,A,seven,5.5,
BRA,SUICIDE,TOT,100000PER,A,eight,5.6,
BRA,SUICIDE,TOT,100000PER,A,nine,5.6,
BRA,SUICIDE,TOT,100000PER,A,ten,5.6,
BRA,SUICIDE,TOT,100000PER,A,eleven,5.7,
BRA,SUICIDE,TOT,100000PER,A,twelve,5.9,
BRA,SUICIDE,TOT,100000PER,A,thirteen,5.9,
BRA,SUICIDE,TOT,100000PER,A,fourteen,5.8,
BRA,SUICIDE,TOT,100000PER,A,fifteen,6.1,
BRA,SUICIDE,TOT,100000PER,A,sixteen,6.1,
BRA,SUICIDE,TOT,100000PER,A,seventeen,6.5,
BRA,SUICIDE,TOT,100000PER,A,eighteen,6.5,
BRA,SUICIDE,TOT,100000PER,A,nineteen,6.7,
CHL,SUICIDE,TOT,100000PER,A,sixty,11,
CHL,SUICIDE,TOT,100000PER,A,sixtyOne,10.2,
CHL,SUICIDE,TOT,100000PER,A,sixtyTwo,9.1,
CHL,SUICIDE,TOT,100000PER,A,sixtyThree,5.1,
CHL,SUICIDE,TOT,100000PER,A,sixtyFour,3.9,
CHL,SUICIDE,TOT,100000PER,A,sixtyFive,2.9,
CHL,SUICIDE,TOT,100000PER,A,sixtySix,9.5,
CHL,SUICIDE,TOT,100000PER,A,sixtySeven,3.5,
CHL,SUICIDE,TOT,100000PER,A,sixtyEight,12,B
CHL,SUICIDE,TOT,100000PER,A,sixtyNine,9.6,
CHL,SUICIDE,TOT,100000PER,A,seventy,8,
CHL,SUICIDE,TOT,100000PER,A,seventyOne,7.8,
CHL,SUICIDE,TOT,100000PER,A,seventyTwo,7.4,
CHL,SUICIDE,TOT,100000PER,A,seventyThree,7.3,
CHL,SUICIDE,TOT,100000PER,A,seventyFour,8.1,
CHL,SUICIDE,TOT,100000PER,A,seventyFive,9.8,
CHL,SUICIDE,TOT,100000PER,A,seventySix,7.8,
CHL,SUICIDE,TOT,100000PER,A,seventySeven,8.1,
CHL,SUICIDE,TOT,100000PER,A,seventyEight,7.1,
CHL,SUICIDE,TOT,100000PER,A,seventyNine,7.8,
CHL,SUICIDE,TOT,100000PER,A,eighty,6.1,B
CHL,SUICIDE,TOT,100000PER,A,eightyOne,7.4,
CHL,SUICIDE,TOT,100000PER,A,eightyTwo,7.6,
CHL,SUICIDE,TOT,100000PER,A,eightyFour,7.8,
CHL,SUICIDE,TOT,100000PER,A,eightyFive,7.8,
CHL,SUICIDE,TOT,100000PER,A,eightySix,7,
CHL,SUICIDE,TOT,100000PER,A,eightySeven,7.1,
CHL,SUICIDE,TOT,100000PER,A,eightyEight,7,
CHL,SUICIDE,TOT,100000PER,A,eightyNine,7.1,
CHL,SUICIDE,TOT,100000PER,A,ninety,7.2,
CHL,SUICIDE,TOT,100000PER,A,ninetyOne,7.3,
CHL,SUICIDE,TOT,100000PER,A,ninetyTwo,6,
CHL,SUICIDE,TOT,100000PER,A,ninetyThree,6.9,
CHL,SUICIDE,TOT,100000PER,A,ninetyFour,7.1,
CHL,SUICIDE,TOT,100000PER,A,ninetyFive,8.1,
CHL,SUICIDE,TOT,100000PER,A,ninetySix,7.6,
CHL,SUICIDE,TOT,100000PER,A,ninetySeven,7.4,B
CHL,SUICIDE,TOT,100000PER,A,ninetyEight,8.3,
CHL,SUICIDE,TOT,100000PER,A,ninetyNine,8.3,
CHL,SUICIDE,TOT,100000PER,A,zero,11.3,
CHL,SUICIDE,TOT,100000PER,A,one,11.9,
CHL,SUICIDE,TOT,100000PER,A,two,11.6,
CHL,SUICIDE,TOT,100000PER,A,three,11.9,
CHL,SUICIDE,TOT,100000PER,A,four,11.9,
CHL,SUICIDE,TOT,100000PER,A,five,11.4,
CHL,SUICIDE,TOT,100000PER,A,six,11.9,
CHL,SUICIDE,TOT,100000PER,A,seven,11.9,
CHL,SUICIDE,TOT,100000PER,A,eight,13.2,
CHL,SUICIDE,TOT,100000PER,A,nine,13.4,
CHL,SUICIDE,TOT,100000PER,A,ten,12.3,
CHL,SUICIDE,TOT,100000PER,A,eleven,12.5,
CHL,SUICIDE,TOT,100000PER,A,twelve,11.2,
CHL,SUICIDE,TOT,100000PER,A,thirteen,10.5,
CHL,SUICIDE,TOT,100000PER,A,fourteen,10.6,
CHL,SUICIDE,TOT,100000PER,A,fifteen,10.9,
CHL,SUICIDE,TOT,100000PER,A,sixteen,10.6,
CHL,SUICIDE,TOT,100000PER,A,seventeen,10.5,
CHL,SUICIDE,TOT,100000PER,A,eighteen,10,
EST,SUICIDE,TOT,100000PER,A,eightyOne,40.1,
EST,SUICIDE,TOT,100000PER,A,eightyTwo,35.5,
EST,SUICIDE,TOT,100000PER,A,eightyFour,33.6,
EST,SUICIDE,TOT,100000PER,A,eightySix,31,
EST,SUICIDE,TOT,100000PER,A,eightySeven,28.1,
EST,SUICIDE,TOT,100000PER,A,eightyEight,27.6,
EST,SUICIDE,TOT,100000PER,A,eightyNine,28.1,
EST,SUICIDE,TOT,100000PER,A,ninety,30.3,
EST,SUICIDE,TOT,100000PER,A,ninetyOne,30.2,
EST,SUICIDE,TOT,100000PER,A,ninetyTwo,35.3,
EST,SUICIDE,TOT,100000PER,A,ninetyThree,41.7,
EST,SUICIDE,TOT,100000PER,A,ninetyFour,44.5,
EST,SUICIDE,TOT,100000PER,A,ninetyFive,43.7,
EST,SUICIDE,TOT,100000PER,A,ninetySix,41.9,
EST,SUICIDE,TOT,100000PER,A,ninetySeven,39.4,B
EST,SUICIDE,TOT,100000PER,A,ninetyEight,36,
EST,SUICIDE,TOT,100000PER,A,ninetyNine,35.5,
EST,SUICIDE,TOT,100000PER,A,zero,27.5,
EST,SUICIDE,TOT,100000PER,A,one,29.8,
EST,SUICIDE,TOT,100000PER,A,two,27.3,
EST,SUICIDE,TOT,100000PER,A,three,25,
EST,SUICIDE,TOT,100000PER,A,four,24,
EST,SUICIDE,TOT,100000PER,A,five,20.1,
EST,SUICIDE,TOT,100000PER,A,six,17.8,
EST,SUICIDE,TOT,100000PER,A,seven,18.8,
EST,SUICIDE,TOT,100000PER,A,eight,17.7,
EST,SUICIDE,TOT,100000PER,A,nine,19.8,
EST,SUICIDE,TOT,100000PER,A,ten,16.2,
EST,SUICIDE,TOT,100000PER,A,eleven,15.7,
EST,SUICIDE,TOT,100000PER,A,twelve,17.2,
EST,SUICIDE,TOT,100000PER,A,thirteen,15.9,
EST,SUICIDE,TOT,100000PER,A,fourteen,17.7,
EST,SUICIDE,TOT,100000PER,A,fifteen,14.5,
EST,SUICIDE,TOT,100000PER,A,sixteen,13.3,
EST,SUICIDE,TOT,100000PER,A,seventeen,16.5,
EST,SUICIDE,TOT,100000PER,A,eighteen,14,
EST,SUICIDE,TOT,100000PER,A,nineteen,14.1,
EST,SUICIDE,TOT,100000PER,A,twenty,15.2,
ISR,SUICIDE,TOT,100000PER,A,seventyFive,11.8,
ISR,SUICIDE,TOT,100000PER,A,seventySix,11.9,
ISR,SUICIDE,TOT,100000PER,A,seventySeven,8.9,
ISR,SUICIDE,TOT,100000PER,A,seventyEight,8.1,
ISR,SUICIDE,TOT,100000PER,A,seventyNine,9.6,B
ISR,SUICIDE,TOT,100000PER,A,eighty,8.8,
ISR,SUICIDE,TOT,100000PER,A,eightyOne,7.6,
ISR,SUICIDE,TOT,100000PER,A,eightyTwo,7.1,
ISR,SUICIDE,TOT,100000PER,A,eightyThree,9,
ISR,SUICIDE,TOT,100000PER,A,eightyFour,7.9,
ISR,SUICIDE,TOT,100000PER,A,eightyFive,8.1,
ISR,SUICIDE,TOT,100000PER,A,eightySix,9.4,
ISR,SUICIDE,TOT,100000PER,A,eightySeven,9.4,
ISR,SUICIDE,TOT,100000PER,A,eightyEight,9.8,
ISR,SUICIDE,TOT,100000PER,A,eightyNine,11.3,
ISR,SUICIDE,TOT,100000PER,A,ninety,9.1,
ISR,SUICIDE,TOT,100000PER,A,ninetyOne,10.3,
ISR,SUICIDE,TOT,100000PER,A,ninetyTwo,9.9,
ISR,SUICIDE,TOT,100000PER,A,ninetyThree,9.5,
ISR,SUICIDE,TOT,100000PER,A,ninetyFour,10.5,
ISR,SUICIDE,TOT,100000PER,A,ninetyFive,8.7,
ISR,SUICIDE,TOT,100000PER,A,ninetySix,7,
ISR,SUICIDE,TOT,100000PER,A,ninetySeven,8.3,
ISR,SUICIDE,TOT,100000PER,A,ninetyEight,6.8,B
ISR,SUICIDE,TOT,100000PER,A,ninetyNine,7.4,
ISR,SUICIDE,TOT,100000PER,A,zero,7.5,
ISR,SUICIDE,TOT,100000PER,A,one,7.5,
ISR,SUICIDE,TOT,100000PER,A,two,7,
ISR,SUICIDE,TOT,100000PER,A,three,7.8,
ISR,SUICIDE,TOT,100000PER,A,four,7.3,
ISR,SUICIDE,TOT,100000PER,A,five,7.5,
ISR,SUICIDE,TOT,100000PER,A,six,6.1,
ISR,SUICIDE,TOT,100000PER,A,seven,5.5,
ISR,SUICIDE,TOT,100000PER,A,eight,5.8,
ISR,SUICIDE,TOT,100000PER,A,nine,6.3,
ISR,SUICIDE,TOT,100000PER,A,ten,7.5,
ISR,SUICIDE,TOT,100000PER,A,eleven,6.4,
ISR,SUICIDE,TOT,100000PER,A,twelve,6.6,
ISR,SUICIDE,TOT,100000PER,A,thirteen,5.6,
ISR,SUICIDE,TOT,100000PER,A,fourteen,5.6,
ISR,SUICIDE,TOT,100000PER,A,fifteen,5,
ISR,SUICIDE,TOT,100000PER,A,sixteen,5.6,
ISR,SUICIDE,TOT,100000PER,A,seventeen,5.6,
ISR,SUICIDE,TOT,100000PER,A,eighteen,6.2,
ISR,SUICIDE,TOT,100000PER,A,nineteen,5.7,
ISR,SUICIDE,TOT,100000PER,A,twenty,5.7,
RUS,SUICIDE,TOT,100000PER,A,eighty,37.7,
RUS,SUICIDE,TOT,100000PER,A,eightyOne,37.4,
RUS,SUICIDE,TOT,100000PER,A,eightyTwo,37.8,
RUS,SUICIDE,TOT,100000PER,A,eightyFour,34.4,
RUS,SUICIDE,TOT,100000PER,A,eightySix,26.2,
RUS,SUICIDE,TOT,100000PER,A,eightySeven,26.5,
RUS,SUICIDE,TOT,100000PER,A,eightyEight,27.7,
RUS,SUICIDE,TOT,100000PER,A,eightyNine,29,
RUS,SUICIDE,TOT,100000PER,A,ninety,29.6,
RUS,SUICIDE,TOT,100000PER,A,ninetyOne,29.3,
RUS,SUICIDE,TOT,100000PER,A,ninetyTwo,33.8,
RUS,SUICIDE,TOT,100000PER,A,ninetyThree,41.2,
RUS,SUICIDE,TOT,100000PER,A,ninetyFour,45.3,
RUS,SUICIDE,TOT,100000PER,A,ninetyFive,44.2,
RUS,SUICIDE,TOT,100000PER,A,ninetySix,41.7,
RUS,SUICIDE,TOT,100000PER,A,ninetySeven,39.5,
RUS,SUICIDE,TOT,100000PER,A,ninetyEight,37,
RUS,SUICIDE,TOT,100000PER,A,ninetyNine,40.7,B
RUS,SUICIDE,TOT,100000PER,A,zero,40.2,
RUS,SUICIDE,TOT,100000PER,A,one,40.2,
RUS,SUICIDE,TOT,100000PER,A,two,38.7,
RUS,SUICIDE,TOT,100000PER,A,three,36.2,
RUS,SUICIDE,TOT,100000PER,A,four,34.3,
RUS,SUICIDE,TOT,100000PER,A,five,31.8,
RUS,SUICIDE,TOT,100000PER,A,six,29.7,
RUS,SUICIDE,TOT,100000PER,A,seven,28.4,
RUS,SUICIDE,TOT,100000PER,A,eight,26.5,
RUS,SUICIDE,TOT,100000PER,A,nine,25.7,
RUS,SUICIDE,TOT,100000PER,A,ten,22.8,
RUS,SUICIDE,TOT,100000PER,A,eleven,21.3,
RUS,SUICIDE,TOT,100000PER,A,twelve,20.3,
RUS,SUICIDE,TOT,100000PER,A,thirteen,19.6,
RUS,SUICIDE,TOT,100000PER,A,fourteen,18.3,
RUS,SUICIDE,TOT,100000PER,A,fifteen,17.1,
RUS,SUICIDE,TOT,100000PER,A,nineteen,11.7,
SVN,SUICIDE,TOT,100000PER,A,eightyFour,36.7,
SVN,SUICIDE,TOT,100000PER,A,eightySix,33.8,
SVN,SUICIDE,TOT,100000PER,A,eightySeven,35.2,
SVN,SUICIDE,TOT,100000PER,A,eightyEight,35.7,
SVN,SUICIDE,TOT,100000PER,A,eightyNine,38,
SVN,SUICIDE,TOT,100000PER,A,ninety,31,
SVN,SUICIDE,TOT,100000PER,A,ninetyOne,35.5,
SVN,SUICIDE,TOT,100000PER,A,ninetyTwo,32.1,
SVN,SUICIDE,TOT,100000PER,A,ninetyThree,33.1,
SVN,SUICIDE,TOT,100000PER,A,ninetyFour,33,
SVN,SUICIDE,TOT,100000PER,A,ninetyFive,29.9,
SVN,SUICIDE,TOT,100000PER,A,ninetySix,32.2,
SVN,SUICIDE,TOT,100000PER,A,ninetySeven,30.8,B
SVN,SUICIDE,TOT,100000PER,A,ninetyEight,31.7,
SVN,SUICIDE,TOT,100000PER,A,ninetyNine,30.7,
SVN,SUICIDE,TOT,100000PER,A,zero,30.4,
SVN,SUICIDE,TOT,100000PER,A,one,29.6,
SVN,SUICIDE,TOT,100000PER,A,two,27,
SVN,SUICIDE,TOT,100000PER,A,three,28,
SVN,SUICIDE,TOT,100000PER,A,four,24.8,
SVN,SUICIDE,TOT,100000PER,A,five,24.4,
SVN,SUICIDE,TOT,100000PER,A,six,25.6,
SVN,SUICIDE,TOT,100000PER,A,seven,20.7,
SVN,SUICIDE,TOT,100000PER,A,eight,19.2,
SVN,SUICIDE,TOT,100000PER,A,nine,20.8,
SVN,SUICIDE,TOT,100000PER,A,ten,19.2,
SVN,SUICIDE,TOT,100000PER,A,eleven,20.1,
SVN,SUICIDE,TOT,100000PER,A,twelve,20.1,
SVN,SUICIDE,TOT,100000PER,A,thirteen,20.3,
SVN,SUICIDE,TOT,100000PER,A,fourteen,17.5,
SVN,SUICIDE,TOT,100000PER,A,fifteen,18.9,
SVN,SUICIDE,TOT,100000PER,A,sixteen,16.8,
SVN,SUICIDE,TOT,100000PER,A,seventeen,18.1,
SVN,SUICIDE,TOT,100000PER,A,eighteen,15.7,
SVN,SUICIDE,TOT,100000PER,A,nineteen,17.2,
SVN,SUICIDE,TOT,100000PER,A,twenty,15.7,
ZAF,SUICIDE,TOT,100000PER,A,ninetySix,0.6,B
ZAF,SUICIDE,TOT,100000PER,A,ninetySeven,0.4,
ZAF,SUICIDE,TOT,100000PER,A,ninetyEight,0.7,
ZAF,SUICIDE,TOT,100000PER,A,ninetyNine,0.9,
ZAF,SUICIDE,TOT,100000PER,A,zero,0.7,
ZAF,SUICIDE,TOT,100000PER,A,one,0.9,
ZAF,SUICIDE,TOT,100000PER,A,two,0.6,
ZAF,SUICIDE,TOT,100000PER,A,three,0.7,
ZAF,SUICIDE,TOT,100000PER,A,four,1.1,
ZAF,SUICIDE,TOT,100000PER,A,five,1.2,
ZAF,SUICIDE,TOT,100000PER,A,six,1.3,
ZAF,SUICIDE,TOT,100000PER,A,seven,1,
ZAF,SUICIDE,TOT,100000PER,A,eight,1.1,
ZAF,SUICIDE,TOT,100000PER,A,nine,0.8,
ZAF,SUICIDE,TOT,100000PER,A,ten,1,
ZAF,SUICIDE,TOT,100000PER,A,eleven,0.8,
ZAF,SUICIDE,TOT,100000PER,A,twelve,1.1,
ZAF,SUICIDE,TOT,100000PER,A,thirteen,1.3,
ZAF,SUICIDE,TOT,100000PER,A,fourteen,1.2,
ZAF,SUICIDE,TOT,100000PER,A,fifteen,1,
ZAF,SUICIDE,TOT,100000PER,A,sixteen,0.8,
ZAF,SUICIDE,TOT,100000PER,A,seventeen,0.7,
ZAF,SUICIDE,TOT,100000PER,A,eighteen,0.6,
TUR,SUICIDE,TOT,100000PER,A,nine,2.1,D
TUR,SUICIDE,TOT,100000PER,A,ten,2.4,D
TUR,SUICIDE,TOT,100000PER,A,eleven,1.8,D
TUR,SUICIDE,TOT,100000PER,A,twelve,2.2,D
TUR,SUICIDE,TOT,100000PER,A,thirteen,2.7,D
TUR,SUICIDE,TOT,100000PER,A,fourteen,2.3,D
TUR,SUICIDE,TOT,100000PER,A,fifteen,2.2,D
TUR,SUICIDE,TOT,100000PER,A,sixteen,2.6,D
TUR,SUICIDE,TOT,100000PER,A,nineteen,4.4,D
COL,SUICIDE,TOT,100000PER,A,sixty,4.1,
COL,SUICIDE,TOT,100000PER,A,sixtyOne,5.4,
COL,SUICIDE,TOT,100000PER,A,sixtyTwo,6.3,
COL,SUICIDE,TOT,100000PER,A,sixtyThree,6,
COL,SUICIDE,TOT,100000PER,A,sixtyFour,6.3,
COL,SUICIDE,TOT,100000PER,A,sixtyFive,9.3,
COL,SUICIDE,TOT,100000PER,A,sixtySix,7.6,
COL,SUICIDE,TOT,100000PER,A,sixtySeven,8.8,
COL,SUICIDE,TOT,100000PER,A,sixtyEight,5.6,B
COL,SUICIDE,TOT,100000PER,A,sixtyNine,4.6,
COL,SUICIDE,TOT,100000PER,A,seventyTwo,5,
COL,SUICIDE,TOT,100000PER,A,seventyFour,5.1,
COL,SUICIDE,TOT,100000PER,A,seventyFive,5.1,
COL,SUICIDE,TOT,100000PER,A,seventySix,4.9,
COL,SUICIDE,TOT,100000PER,A,seventySeven,4.2,
COL,SUICIDE,TOT,100000PER,A,eightyFour,5.3,B
COL,SUICIDE,TOT,100000PER,A,eightyFive,5,
COL,SUICIDE,TOT,100000PER,A,eightySix,4.7,
COL,SUICIDE,TOT,100000PER,A,ninety,3.6,
COL,SUICIDE,TOT,100000PER,A,ninetyOne,3.7,
COL,SUICIDE,TOT,100000PER,A,ninetyTwo,4.1,
COL,SUICIDE,TOT,100000PER,A,ninetyThree,4.2,
COL,SUICIDE,TOT,100000PER,A,ninetyFour,4.5,
COL,SUICIDE,TOT,100000PER,A,ninetyFive,4.2,
COL,SUICIDE,TOT,100000PER,A,ninetySix,4.3,
COL,SUICIDE,TOT,100000PER,A,ninetySeven,4.1,B
COL,SUICIDE,TOT,100000PER,A,ninetyEight,6.9,
COL,SUICIDE,TOT,100000PER,A,ninetyNine,6.5,
COL,SUICIDE,TOT,100000PER,A,zero,6.8,
COL,SUICIDE,TOT,100000PER,A,one,6.8,
COL,SUICIDE,TOT,100000PER,A,two,6.3,
COL,SUICIDE,TOT,100000PER,A,three,6.1,
COL,SUICIDE,TOT,100000PER,A,four,6.3,
COL,SUICIDE,TOT,100000PER,A,five,5.8,
COL,SUICIDE,TOT,100000PER,A,six,5.7,
COL,SUICIDE,TOT,100000PER,A,seven,5.5,
COL,SUICIDE,TOT,100000PER,A,eight,5.5,
COL,SUICIDE,TOT,100000PER,A,nine,5.5,
COL,SUICIDE,TOT,100000PER,A,ten,5,
COL,SUICIDE,TOT,100000PER,A,eleven,4.8,
COL,SUICIDE,TOT,100000PER,A,twelve,4.9,
COL,SUICIDE,TOT,100000PER,A,thirteen,4.7,
COL,SUICIDE,TOT,100000PER,A,fourteen,4.9,
COL,SUICIDE,TOT,100000PER,A,fifteen,5.3,
COL,SUICIDE,TOT,100000PER,A,sixteen,5.4,
COL,SUICIDE,TOT,100000PER,A,seventeen,5.7,
COL,SUICIDE,TOT,100000PER,A,eighteen,6,
COL,SUICIDE,TOT,100000PER,A,nineteen,5.9,
LVA,SUICIDE,TOT,100000PER,A,eighty,35.2,
LVA,SUICIDE,TOT,100000PER,A,eightyOne,35.8,
LVA,SUICIDE,TOT,100000PER,A,eightyTwo,37.5,
LVA,SUICIDE,TOT,100000PER,A,eightyThree,36,
LVA,SUICIDE,TOT,100000PER,A,eightyFour,37,
LVA,SUICIDE,TOT,100000PER,A,eightyFive,31.9,
LVA,SUICIDE,TOT,100000PER,A,eightySix,27.4,
LVA,SUICIDE,TOT,100000PER,A,eightySeven,25.9,
LVA,SUICIDE,TOT,100000PER,A,eightyEight,25.2,
LVA,SUICIDE,TOT,100000PER,A,eightyNine,28.5,
LVA,SUICIDE,TOT,100000PER,A,ninety,28.4,
LVA,SUICIDE,TOT,100000PER,A,ninetyOne,30.7,
LVA,SUICIDE,TOT,100000PER,A,ninetyTwo,37.6,
LVA,SUICIDE,TOT,100000PER,A,ninetyThree,45.2,
LVA,SUICIDE,TOT,100000PER,A,ninetyFour,42.9,
LVA,SUICIDE,TOT,100000PER,A,ninetyFive,43.1,
LVA,SUICIDE,TOT,100000PER,A,ninetySix,38.9,
LVA,SUICIDE,TOT,100000PER,A,ninetySeven,37.6,
LVA,SUICIDE,TOT,100000PER,A,ninetyEight,35.6,
LVA,SUICIDE,TOT,100000PER,A,ninetyNine,32.7,
LVA,SUICIDE,TOT,100000PER,A,zero,33.8,
LVA,SUICIDE,TOT,100000PER,A,one,30.9,
LVA,SUICIDE,TOT,100000PER,A,two,29.7,
LVA,SUICIDE,TOT,100000PER,A,three,26.7,
LVA,SUICIDE,TOT,100000PER,A,four,24.8,
LVA,SUICIDE,TOT,100000PER,A,five,25.1,
LVA,SUICIDE,TOT,100000PER,A,six,21.6,
LVA,SUICIDE,TOT,100000PER,A,seven,20.4,
LVA,SUICIDE,TOT,100000PER,A,eight,23.7,
LVA,SUICIDE,TOT,100000PER,A,nine,23.6,
LVA,SUICIDE,TOT,100000PER,A,ten,20.1,
LVA,SUICIDE,TOT,100000PER,A,eleven,20.5,
LVA,SUICIDE,TOT,100000PER,A,twelve,20.9,
LVA,SUICIDE,TOT,100000PER,A,thirteen,18.2,
LVA,SUICIDE,TOT,100000PER,A,fourteen,18.4,
LVA,SUICIDE,TOT,100000PER,A,fifteen,18.6,
LVA,SUICIDE,TOT,100000PER,A,sixteen,17.7,
LVA,SUICIDE,TOT,100000PER,A,seventeen,17.3,
LVA,SUICIDE,TOT,100000PER,A,eighteen,14.7,
LVA,SUICIDE,TOT,100000PER,A,nineteen,14.4,
LVA,SUICIDE,TOT,100000PER,A,twenty,14.9,
LTU,SUICIDE,TOT,100000PER,A,eightyOne,37.4,
LTU,SUICIDE,TOT,100000PER,A,eightyTwo,37.8,
LTU,SUICIDE,TOT,100000PER,A,eightyFour,37.8,
LTU,SUICIDE,TOT,100000PER,A,eightySix,28.6,
LTU,SUICIDE,TOT,100000PER,A,eightySeven,32.8,
LTU,SUICIDE,TOT,100000PER,A,eightyEight,29.7,
LTU,SUICIDE,TOT,100000PER,A,eightyNine,30.1,
LTU,SUICIDE,TOT,100000PER,A,ninety,29.3,
LTU,SUICIDE,TOT,100000PER,A,ninetyOne,33.9,
LTU,SUICIDE,TOT,100000PER,A,ninetyTwo,38.9,
LTU,SUICIDE,TOT,100000PER,A,ninetyThree,47,
LTU,SUICIDE,TOT,100000PER,A,ninetyFour,50.8,
LTU,SUICIDE,TOT,100000PER,A,ninetyFive,51.1,
LTU,SUICIDE,TOT,100000PER,A,ninetySix,52,
LTU,SUICIDE,TOT,100000PER,A,ninetySeven,48.8,
LTU,SUICIDE,TOT,100000PER,A,ninetyEight,47.3,
LTU,SUICIDE,TOT,100000PER,A,ninetyNine,46.8,
LTU,SUICIDE,TOT,100000PER,A,zero,49.3,
LTU,SUICIDE,TOT,100000PER,A,one,46.7,
LTU,SUICIDE,TOT,100000PER,A,two,46.8,
LTU,SUICIDE,TOT,100000PER,A,three,43.8,
LTU,SUICIDE,TOT,100000PER,A,four,41.9,
LTU,SUICIDE,TOT,100000PER,A,five,40.3,
LTU,SUICIDE,TOT,100000PER,A,six,32,
LTU,SUICIDE,TOT,100000PER,A,seven,31.6,
LTU,SUICIDE,TOT,100000PER,A,eight,34.3,
LTU,SUICIDE,TOT,100000PER,A,nine,35.1,
LTU,SUICIDE,TOT,100000PER,A,ten,32.2,
LTU,SUICIDE,TOT,100000PER,A,eleven,32.9,
LTU,SUICIDE,TOT,100000PER,A,twelve,30.1,
LTU,SUICIDE,TOT,100000PER,A,thirteen,35.4,
LTU,SUICIDE,TOT,100000PER,A,fourteen,30.4,
LTU,SUICIDE,TOT,100000PER,A,fifteen,29.6,
LTU,SUICIDE,TOT,100000PER,A,sixteen,27.3,
LTU,SUICIDE,TOT,100000PER,A,seventeen,25,
LTU,SUICIDE,TOT,100000PER,A,eighteen,22.9,
LTU,SUICIDE,TOT,100000PER,A,nineteen,22.2,
LTU,SUICIDE,TOT,100000PER,A,twenty,20.3,
CRI,SUICIDE,TOT,100000PER,A,sixtyOne,5.4,
CRI,SUICIDE,TOT,100000PER,A,sixtyTwo,4.4,
CRI,SUICIDE,TOT,100000PER,A,sixtyThree,6.4,
CRI,SUICIDE,TOT,100000PER,A,sixtyFour,5.7,
CRI,SUICIDE,TOT,100000PER,A,sixtyFive,3.9,
CRI,SUICIDE,TOT,100000PER,A,sixtySix,5.5,
CRI,SUICIDE,TOT,100000PER,A,sixtySeven,6.2,
CRI,SUICIDE,TOT,100000PER,A,sixtyEight,4.4,B
CRI,SUICIDE,TOT,100000PER,A,sixtyNine,4.7,
CRI,SUICIDE,TOT,100000PER,A,seventy,4.2,
CRI,SUICIDE,TOT,100000PER,A,seventyOne,5.6,
CRI,SUICIDE,TOT,100000PER,A,seventyTwo,4.9,
CRI,SUICIDE,TOT,100000PER,A,seventyThree,5.1,
CRI,SUICIDE,TOT,100000PER,A,seventyFour,5.3,
CRI,SUICIDE,TOT,100000PER,A,seventyFive,6.2,
CRI,SUICIDE,TOT,100000PER,A,seventySix,8.9,
CRI,SUICIDE,TOT,100000PER,A,seventySeven,6.1,
CRI,SUICIDE,TOT,100000PER,A,seventyEight,5.4,
CRI,SUICIDE,TOT,100000PER,A,seventyNine,5.4,
CRI,SUICIDE,TOT,100000PER,A,eighty,7.5,B
CRI,SUICIDE,TOT,100000PER,A,eightyOne,5.3,
CRI,SUICIDE,TOT,100000PER,A,eightyTwo,5.9,
CRI,SUICIDE,TOT,100000PER,A,eightyThree,7.3,
CRI,SUICIDE,TOT,100000PER,A,eightyFour,6.6,
CRI,SUICIDE,TOT,100000PER,A,eightySix,7.5,
CRI,SUICIDE,TOT,100000PER,A,eightySeven,6.2,
CRI,SUICIDE,TOT,100000PER,A,eightyEight,8.8,
CRI,SUICIDE,TOT,100000PER,A,eightyNine,8,
CRI,SUICIDE,TOT,100000PER,A,ninety,7.6,
CRI,SUICIDE,TOT,100000PER,A,ninetyOne,6.6,
CRI,SUICIDE,TOT,100000PER,A,ninetyTwo,7.1,
CRI,SUICIDE,TOT,100000PER,A,ninetyThree,7.5,
CRI,SUICIDE,TOT,100000PER,A,ninetyFour,6.9,
CRI,SUICIDE,TOT,100000PER,A,ninetyFive,7.4,
CRI,SUICIDE,TOT,100000PER,A,ninetySix,7,
CRI,SUICIDE,TOT,100000PER,A,ninetySeven,6.3,B
CRI,SUICIDE,TOT,100000PER,A,ninetyEight,7.1,
CRI,SUICIDE,TOT,100000PER,A,ninetyNine,7.1,
CRI,SUICIDE,TOT,100000PER,A,zero,7.5,
CRI,SUICIDE,TOT,100000PER,A,one,6.7,
CRI,SUICIDE,TOT,100000PER,A,two,8.2,
CRI,SUICIDE,TOT,100000PER,A,three,9,
CRI,SUICIDE,TOT,100000PER,A,four,8.9,
CRI,SUICIDE,TOT,100000PER,A,five,7.3,
CRI,SUICIDE,TOT,100000PER,A,six,8.7,
CRI,SUICIDE,TOT,100000PER,A,seven,6.4,
CRI,SUICIDE,TOT,100000PER,A,eight,6.4,
CRI,SUICIDE,TOT,100000PER,A,nine,6.6,
CRI,SUICIDE,TOT,100000PER,A,ten,7.2,
CRI,SUICIDE,TOT,100000PER,A,eleven,7.2,
CRI,SUICIDE,TOT,100000PER,A,twelve,6.8,
CRI,SUICIDE,TOT,100000PER,A,thirteen,7.1,
CRI,SUICIDE,TOT,100000PER,A,fourteen,5.9,
CRI,SUICIDE,TOT,100000PER,A,fifteen,6.7,
CRI,SUICIDE,TOT,100000PER,A,sixteen,7,
CRI,SUICIDE,TOT,100000PER,A,seventeen,5.7,
CRI,SUICIDE,TOT,100000PER,A,eighteen,7.9,
CRI,SUICIDE,TOT,100000PER,A,nineteen,7.8,
CRI,SUICIDE,TOT,100000PER,A,twenty,7,
ARG,SUICIDE,TOT,100000PER,A,sixtySix,10.5,
ARG,SUICIDE,TOT,100000PER,A,sixtySeven,12.5,
ARG,SUICIDE,TOT,100000PER,A,sixtyEight,14.1,
ARG,SUICIDE,TOT,100000PER,A,sixtyNine,13.9,B
ARG,SUICIDE,TOT,100000PER,A,seventy,13.3,
ARG,SUICIDE,TOT,100000PER,A,seventySeven,9.9,
ARG,SUICIDE,TOT,100000PER,A,seventyEight,10.4,
ARG,SUICIDE,TOT,100000PER,A,seventyNine,9.3,B
ARG,SUICIDE,TOT,100000PER,A,eightyTwo,9.9,
ARG,SUICIDE,TOT,100000PER,A,eightyThree,9.1,
ARG,SUICIDE,TOT,100000PER,A,eightyFour,9,
ARG,SUICIDE,TOT,100000PER,A,eightyFive,9.7,
ARG,SUICIDE,TOT,100000PER,A,eightySix,10.8,
ARG,SUICIDE,TOT,100000PER,A,eightySeven,10.7,
ARG,SUICIDE,TOT,100000PER,A,eightyEight,10.4,
ARG,SUICIDE,TOT,100000PER,A,eightyNine,9.9,
ARG,SUICIDE,TOT,100000PER,A,ninety,9.3,
ARG,SUICIDE,TOT,100000PER,A,ninetyOne,8.2,
ARG,SUICIDE,TOT,100000PER,A,ninetyTwo,9,
ARG,SUICIDE,TOT,100000PER,A,ninetyThree,9.3,
ARG,SUICIDE,TOT,100000PER,A,ninetyFour,8.7,
ARG,SUICIDE,TOT,100000PER,A,ninetyFive,8.4,
ARG,SUICIDE,TOT,100000PER,A,ninetySix,8.4,
ARG,SUICIDE,TOT,100000PER,A,ninetySeven,8.1,B
ARG,SUICIDE,TOT,100000PER,A,ninetyEight,8.4,
ARG,SUICIDE,TOT,100000PER,A,ninetyNine,8.4,
ARG,SUICIDE,TOT,100000PER,A,zero,9.4,
ARG,SUICIDE,TOT,100000PER,A,one,10.3,
ARG,SUICIDE,TOT,100000PER,A,two,10.1,
ARG,SUICIDE,TOT,100000PER,A,three,10.3,
ARG,SUICIDE,TOT,100000PER,A,four,9.4,
ARG,SUICIDE,TOT,100000PER,A,five,9.1,
ARG,SUICIDE,TOT,100000PER,A,six,8.9,
ARG,SUICIDE,TOT,100000PER,A,seven,8.3,
ARG,SUICIDE,TOT,100000PER,A,eight,8.5,
ARG,SUICIDE,TOT,100000PER,A,nine,7.9,
ARG,SUICIDE,TOT,100000PER,A,ten,7.9,
ARG,SUICIDE,TOT,100000PER,A,eleven,7.6,
ARG,SUICIDE,TOT,100000PER,A,twelve,8.4,
ARG,SUICIDE,TOT,100000PER,A,thirteen,7.6,
ARG,SUICIDE,TOT,100000PER,A,fourteen,8.1,
ARG,SUICIDE,TOT,100000PER,A,fifteen,7.9,
ARG,SUICIDE,TOT,100000PER,A,sixteen,7.6,
ARG,SUICIDE,TOT,100000PER,A,seventeen,7.8,
ARG,SUICIDE,TOT,100000PER,A,eighteen,8,
ARG,SUICIDE,TOT,100000PER,A,nineteen,7.8,
BGR,SUICIDE,TOT,100000PER,A,sixtyFour,12.8,
BGR,SUICIDE,TOT,100000PER,A,sixtyFive,12.7,
BGR,SUICIDE,TOT,100000PER,A,sixtySix,14.4,
BGR,SUICIDE,TOT,100000PER,A,sixtySeven,14,
BGR,SUICIDE,TOT,100000PER,A,sixtyEight,13.6,B
BGR,SUICIDE,TOT,100000PER,A,sixtyNine,15.5,
BGR,SUICIDE,TOT,100000PER,A,seventy,16.1,
BGR,SUICIDE,TOT,100000PER,A,seventyOne,16.5,
BGR,SUICIDE,TOT,100000PER,A,seventyTwo,15.4,
BGR,SUICIDE,TOT,100000PER,A,seventyThree,15.1,
BGR,SUICIDE,TOT,100000PER,A,seventyFour,16.5,
BGR,SUICIDE,TOT,100000PER,A,seventyFive,16.7,
BGR,SUICIDE,TOT,100000PER,A,seventySix,17.7,
BGR,SUICIDE,TOT,100000PER,A,seventySeven,18.1,
BGR,SUICIDE,TOT,100000PER,A,seventyEight,17.1,
BGR,SUICIDE,TOT,100000PER,A,seventyNine,17.5,
BGR,SUICIDE,TOT,100000PER,A,eighty,16.6,B
BGR,SUICIDE,TOT,100000PER,A,eightyOne,16.3,
BGR,SUICIDE,TOT,100000PER,A,eightyTwo,18.3,
BGR,SUICIDE,TOT,100000PER,A,eightyThree,16,
BGR,SUICIDE,TOT,100000PER,A,eightyFour,20.1,
BGR,SUICIDE,TOT,100000PER,A,eightyFive,19.4,
BGR,SUICIDE,TOT,100000PER,A,eightySix,19,
BGR,SUICIDE,TOT,100000PER,A,eightySeven,19.8,
BGR,SUICIDE,TOT,100000PER,A,eightyEight,18.9,
BGR,SUICIDE,TOT,100000PER,A,eightyNine,19.2,
BGR,SUICIDE,TOT,100000PER,A,ninety,17.2,
BGR,SUICIDE,TOT,100000PER,A,ninetyOne,17.7,
BGR,SUICIDE,TOT,100000PER,A,ninetyTwo,20.2,
BGR,SUICIDE,TOT,100000PER,A,ninetyThree,18.9,
BGR,SUICIDE,TOT,100000PER,A,ninetyFour,19,
BGR,SUICIDE,TOT,100000PER,A,ninetyFive,18.4,
BGR,SUICIDE,TOT,100000PER,A,ninetySix,19.9,
BGR,SUICIDE,TOT,100000PER,A,ninetySeven,19,
BGR,SUICIDE,TOT,100000PER,A,ninetyEight,20.2,
BGR,SUICIDE,TOT,100000PER,A,ninetyNine,17,
BGR,SUICIDE,TOT,100000PER,A,zero,18,
BGR,SUICIDE,TOT,100000PER,A,one,16.9,
BGR,SUICIDE,TOT,100000PER,A,two,17.1,
BGR,SUICIDE,TOT,100000PER,A,three,14.3,
BGR,SUICIDE,TOT,100000PER,A,four,13,
BGR,SUICIDE,TOT,100000PER,A,five,12.6,B
BGR,SUICIDE,TOT,100000PER,A,six,12.5,
BGR,SUICIDE,TOT,100000PER,A,seven,11.4,
BGR,SUICIDE,TOT,100000PER,A,eight,11.9,
BGR,SUICIDE,TOT,100000PER,A,nine,11,
BGR,SUICIDE,TOT,100000PER,A,ten,10.9,
BGR,SUICIDE,TOT,100000PER,A,eleven,9.8,
BGR,SUICIDE,TOT,100000PER,A,twelve,11.1,
BGR,SUICIDE,TOT,100000PER,A,thirteen,9.2,
BGR,SUICIDE,TOT,100000PER,A,fourteen,9.2,
BGR,SUICIDE,TOT,100000PER,A,fifteen,8.7,
BGR,SUICIDE,TOT,100000PER,A,sixteen,8.6,
BGR,SUICIDE,TOT,100000PER,A,seventeen,8.9,
BGR,SUICIDE,TOT,100000PER,A,eighteen,8.3,
BGR,SUICIDE,TOT,100000PER,A,nineteen,7.4,
HRV,SUICIDE,TOT,100000PER,A,eightyFour,25.3,
HRV,SUICIDE,TOT,100000PER,A,eightySix,24.8,
HRV,SUICIDE,TOT,100000PER,A,eightySeven,27,
HRV,SUICIDE,TOT,100000PER,A,eightyEight,26.4,
HRV,SUICIDE,TOT,100000PER,A,eightyNine,24.7,
HRV,SUICIDE,TOT,100000PER,A,ninety,27,
HRV,SUICIDE,TOT,100000PER,A,ninetyOne,25.2,
HRV,SUICIDE,TOT,100000PER,A,ninetyTwo,26.1,
HRV,SUICIDE,TOT,100000PER,A,ninetyThree,24.8,
HRV,SUICIDE,TOT,100000PER,A,ninetyFour,25.1,
HRV,SUICIDE,TOT,100000PER,A,ninetyFive,21.3,B
HRV,SUICIDE,TOT,100000PER,A,ninetySix,24.9,
HRV,SUICIDE,TOT,100000PER,A,ninetySeven,23.3,
HRV,SUICIDE,TOT,100000PER,A,ninetyEight,25.7,
HRV,SUICIDE,TOT,100000PER,A,ninetyNine,24.2,
HRV,SUICIDE,TOT,100000PER,A,zero,24,
HRV,SUICIDE,TOT,100000PER,A,one,19.9,
HRV,SUICIDE,TOT,100000PER,A,two,20.2,
HRV,SUICIDE,TOT,100000PER,A,three,19.5,
HRV,SUICIDE,TOT,100000PER,A,four,19.7,
HRV,SUICIDE,TOT,100000PER,A,five,19.3,
HRV,SUICIDE,TOT,100000PER,A,six,17.6,
HRV,SUICIDE,TOT,100000PER,A,seven,17.1,
HRV,SUICIDE,TOT,100000PER,A,eight,17.6,
HRV,SUICIDE,TOT,100000PER,A,nine,17.3,
HRV,SUICIDE,TOT,100000PER,A,ten,16.9,
HRV,SUICIDE,TOT,100000PER,A,eleven,15.1,
HRV,SUICIDE,TOT,100000PER,A,twelve,17,
HRV,SUICIDE,TOT,100000PER,A,thirteen,15.3,
HRV,SUICIDE,TOT,100000PER,A,fourteen,15.9,
HRV,SUICIDE,TOT,100000PER,A,fifteen,16.3,
HRV,SUICIDE,TOT,100000PER,A,sixteen,15.1,
HRV,SUICIDE,TOT,100000PER,A,seventeen,14,
HRV,SUICIDE,TOT,100000PER,A,nineteen,13,
PER,SUICIDE,TOT,100000PER,A,eightyThree,1,
PER,SUICIDE,TOT,100000PER,A,eightySix,1.2,
PER,SUICIDE,TOT,100000PER,A,eightySeven,1.2,
PER,SUICIDE,TOT,100000PER,A,eightyEight,0.7,
PER,SUICIDE,TOT,100000PER,A,eightyNine,0.8,
PER,SUICIDE,TOT,100000PER,A,ninety,0.7,
PER,SUICIDE,TOT,100000PER,A,ninetyOne,0.4,
PER,SUICIDE,TOT,100000PER,A,ninetyTwo,1.3,
PER,SUICIDE,TOT,100000PER,A,ninetyFour,1.8,
PER,SUICIDE,TOT,100000PER,A,ninetyFive,2,
PER,SUICIDE,TOT,100000PER,A,ninetySix,2,
PER,SUICIDE,TOT,100000PER,A,ninetySeven,1.4,
PER,SUICIDE,TOT,100000PER,A,ninetyEight,1.5,
PER,SUICIDE,TOT,100000PER,A,ninetyNine,1,B
PER,SUICIDE,TOT,100000PER,A,zero,1,
PER,SUICIDE,TOT,100000PER,A,one,1,
PER,SUICIDE,TOT,100000PER,A,two,1,
PER,SUICIDE,TOT,100000PER,A,three,1,
PER,SUICIDE,TOT,100000PER,A,four,1,
PER,SUICIDE,TOT,100000PER,A,five,0.8,
PER,SUICIDE,TOT,100000PER,A,six,0.9,
PER,SUICIDE,TOT,100000PER,A,seven,1.6,
PER,SUICIDE,TOT,100000PER,A,eight,1.5,
PER,SUICIDE,TOT,100000PER,A,nine,0.5,
PER,SUICIDE,TOT,100000PER,A,ten,1,
PER,SUICIDE,TOT,100000PER,A,eleven,1.8,
PER,SUICIDE,TOT,100000PER,A,twelve,2.3,
PER,SUICIDE,TOT,100000PER,A,thirteen,1.2,
PER,SUICIDE,TOT,100000PER,A,fourteen,1.4,
PER,SUICIDE,TOT,100000PER,A,fifteen,0.9,
PER,SUICIDE,TOT,100000PER,A,sixteen,1.4,
PER,SUICIDE,TOT,100000PER,A,seventeen,1.3,
PER,SUICIDE,TOT,100000PER,A,eighteen,1.7,
ROU,SUICIDE,TOT,100000PER,A,eightyNine,12.6,
ROU,SUICIDE,TOT,100000PER,A,ninety,10.3,
ROU,SUICIDE,TOT,100000PER,A,ninetyOne,10.8,
ROU,SUICIDE,TOT,100000PER,A,ninetyTwo,13.2,
ROU,SUICIDE,TOT,100000PER,A,ninetyThree,13.7,
ROU,SUICIDE,TOT,100000PER,A,ninetyFour,14.1,
ROU,SUICIDE,TOT,100000PER,A,ninetyFive,13.5,
ROU,SUICIDE,TOT,100000PER,A,ninetySix,13.7,
ROU,SUICIDE,TOT,100000PER,A,ninetySeven,13.8,
ROU,SUICIDE,TOT,100000PER,A,ninetyEight,13.5,
ROU,SUICIDE,TOT,100000PER,A,ninetyNine,13.1,B
ROU,SUICIDE,TOT,100000PER,A,zero,13.5,
ROU,SUICIDE,TOT,100000PER,A,one,12.8,
ROU,SUICIDE,TOT,100000PER,A,two,14.6,
ROU,SUICIDE,TOT,100000PER,A,three,13.7,
ROU,SUICIDE,TOT,100000PER,A,four,12.9,
ROU,SUICIDE,TOT,100000PER,A,five,12.4,
ROU,SUICIDE,TOT,100000PER,A,six,12.8,
ROU,SUICIDE,TOT,100000PER,A,seven,11.5,
ROU,SUICIDE,TOT,100000PER,A,eight,11.6,
ROU,SUICIDE,TOT,100000PER,A,nine,12.1,
ROU,SUICIDE,TOT,100000PER,A,ten,12.8,
ROU,SUICIDE,TOT,100000PER,A,eleven,11.8,
ROU,SUICIDE,TOT,100000PER,A,twelve,12.2,
ROU,SUICIDE,TOT,100000PER,A,thirteen,11.7,
ROU,SUICIDE,TOT,100000PER,A,fourteen,10.8,
ROU,SUICIDE,TOT,100000PER,A,fifteen,10.9,
ROU,SUICIDE,TOT,100000PER,A,sixteen,9.6,
ROU,SUICIDE,TOT,100000PER,A,seventeen,9.4,
ROU,SUICIDE,TOT,100000PER,A,eighteen,9.5,
ROU,SUICIDE,TOT,100000PER,A,nineteen,8.6,
